ID_Uzorka;Dubina_Busenja_cm;Temp_Tla_C;pH_Vrijednost;H2O_Postotak;Metan_Senzor;Organske_Molekule
1;13,5;-38,9;6,36;3,19;Negativno;Ne
2;0,3;-42,1;7,03;2,34;Negativno;Ne
3;5,5;-42,2;6,4;4,65;Negativno;Ne
4;10,6;-21,9;7,03;1,0;Negativno;Ne
5;13,9;-60,9;7,19;0,22;Negativno;Ne
6;6,0;-48,2;6,72;4,87;Pozitivno;Ne
7;1,5;-42,1;7,68;4,31;Negativno;Ne
8;4,8;-66,8;6,14;0,23;Negativno;Ne
9;5,1;-73,2;8,05;1,4;Negativno;Ne
10;13,1;-59,7;6,87;1,96;Negativno;Ne
11;6,2;-46,0;7,04;4,46;Negativno;Ne
12;13,0;-53,3;7,0;4,81;Negativno;Ne
13;10,8;-61,9;6,97;4,22;Negativno;Ne
14;8,2;-48,8;6,7;4,69;Negativno;Ne
15;6,1;-42,7;6,87;0,52;Negativno;Ne
16;14,2;-42,3;6,19;5,44;Negativno;Ne
17;7,5;-58,6;6,65;1,18;Negativno;Ne
18;0,8;-7,5;7,16;5,425106602371023;Pozitivno;Da
19;8,5;-58,3;6,96;1,23;Negativno;Ne
20;1,2;-28,4;7,65;4,35;Negativno;Ne
21;6,3;-63,4;7,09;2,1;Negativno;Ne
22;5,7;-40,0;6,4;4,35;Negativno;Ne
23;2,5;-38,3;6,92;5,47;Negativno;Ne
24;6,5;-47,9;7,09;3,52;Negativno;Ne
25;0,7;-16,9;6,32;4,07;Negativno;Ne
26;2,6;-53,9;5,69;4,76;Negativno;Ne
27;5,7;-28,9;7,56;1,3;Negativno;Ne
28;6,3;-7,5;6,6;9,245106602371024;Pozitivno;Da
29;0,2;-76,9;7,15;4,6;Negativno;Ne
30;9,0;-37,9;6,72;3,63;Pozitivno;Ne
31;3,1;-53,8;6,91;4,37;Negativno;Ne
32;7,7;-18,0;6,74;5,155106602371023;Pozitivno;Da
33;4,3;-68,5;7,01;0,17;Negativno;Ne
34;7,1;-48,6;6,43;0,41;Negativno;Ne
35;8,6;-60,1;7,83;1,22;Negativno;Ne
36;11,5;-47,1;7,1;3,44;Negativno;Ne
37;5,2;-31,5;7,31;4,06;Negativno;Ne
38;8,0;-26,9;7,33;2,05;Negativno;Ne
39;14,7;-67,3;8,38;0,28;Negativno;Ne
40;13,8;-45,4;6,72;4,37;Negativno;Ne
41;9,7;-41,0;7,33;4,45;Negativno;Ne
42;10,3;-37,3;6,46;5,12;Negativno;Ne
43;5,9;-56,7;7,05;3,09;Negativno;Ne
44;5,7;-88,6;7,78;3,62;Negativno;Ne
45;3,2;-50,1;6,01;6,0;Negativno;Ne
46;3,7;-82,9;7,55;3,12;Negativno;Ne
47;13,7;-69,4;6,79;5,98;Negativno;Ne
48;3,0;-40,5;6,97;3,0;Pozitivno;Ne
49;13,4;-62,4;6,33;2,98;Negativno;Ne
50;10,1;-50,1;7,1;3,78;Negativno;Ne
51;13,4;-52,0;7,18;1,32;Negativno;Da
52;13,6;-75,1;7,26;3,97;Negativno;Ne
53;2,1;-66,6;7,39;0,26;Negativno;Ne
54;2,7;-31,3;5,61;1,02;Negativno;Ne
55;2,4;-41,5;6,68;0,8;Negativno;Ne
56;2,9;-29,0;6,26;4,53;Negativno;Ne
57;14,5;-26,8;7,38;2,17;Negativno;Ne
58;8,1;-65,8;6,93;3,41;Negativno;Ne
59;10,0;-46,3;7,0;3,15;Negativno;Ne
60;4,7;-72,0;6,4;5,57;Negativno;Ne
61;1,5;-45,2;7,76;0,38;Negativno;Da
62;3,0;-52,9;6,85;2,99;Negativno;Ne
63;7,7;150,0;-2,0;0,79;Pozitivno;Ne
64;7,8;-61,1;7,42;0,97;Negativno;Ne
65;13,8;-44,2;7,58;2,37;Pozitivno;Ne
66;8,0;-35,7;6,31;5,03;Negativno;Ne
67;10,3;-37,4;7,22;3,28;Negativno;Ne
68;2,8;-18,4;8,04;3,3930943091646317;Pozitivno;Da
69;2,5;-49,5;7,03;2,3;Negativno;Ne
70;4,2;-12,5;5,95;1,63;Negativno;Ne
71;2,4;-79,5;7,03;5,84;Negativno;Ne
72;0,8;-20,6;7,64;4,61;Negativno;Ne
73;11,3;-44,1;6,49;2,76;Negativno;Ne
74;11,9;-37,7;6,97;0,18;Negativno;Ne
75;4,8;-49,3;7,64;2,62;Negativno;Ne
76;9,9;-26,8;7,42;0,95;Negativno;Ne
77;13,1;-59,3;7,94;2,32;Negativno;Ne
78;5,6;-55,4;7,29;2,03;Negativno;Ne
79;0,7;-13,3;7,2;5,45;Negativno;Ne
80;2,4;-77,0;7,37;2,81;Negativno;Ne
81;8,9;-41,1;6,61;1,35;Negativno;Ne
82;6,0;-43,2;6,84;3,55;Negativno;Ne
83;6,9;-42,2;6,63;1,41;Negativno;Ne
84;4,7;-21,1;6,58;5,86;Negativno;Ne
85;13,3;-71,3;6,81;4,41;Negativno;Ne
86;8,2;-47,5;6,55;0,7;Negativno;Ne
87;12,4;-49,3;7,84;2,34;Negativno;Ne
88;12,2;-70,6;7,18;1,22;Negativno;Ne
89;6,8;-38,9;6,28;1,83;Negativno;Ne
90;1,0;-48,4;7,43;2,12;Negativno;Ne
91;2,2;-40,2;6,73;5,23;Negativno;Ne
92;5,7;-57,6;6,55;3,84;Negativno;Da
93;4,7;-57,9;7,34;4,57;Negativno;Ne
94;5,6;-71,3;7,31;2,48;Negativno;Ne
95;14,6;-64,6;6,5;2,98;Negativno;Ne
96;2,4;-55,7;6,52;4,07;Negativno;Ne
97;7,3;-45,4;7,59;2,07;Negativno;Ne
98;5,5;-57,6;6,55;0,41;Negativno;Ne
99;0,8;-52,6;7,7;4,07;Negativno;Ne
100;5,0;-73,0;7,31;0,71;Negativno;Ne
101;2,0;-41,9;7,42;2,99;Negativno;Ne
102;3,7;-42,0;6,49;4,92;Negativno;Ne
103;10,4;-27,2;7,05;0,55;Negativno;Ne
104;7,9;-35,4;7,57;5,77;Negativno;Ne
105;14,1;-51,1;7,84;3,96;Pozitivno;Ne
106;1,3;-33,3;7,16;5,07;Negativno;Ne
107;9,3;150,0;-2,0;5,25;Pozitivno;Ne
108;4,3;-37,6;6,79;2,02;Negativno;Da
109;9,0;-42,4;5,7;0,16;Negativno;Ne
110;14,0;-53,9;7,03;5,55;Negativno;Ne
111;1,5;-27,4;7,69;2,64;Negativno;Ne
112;9,3;-54,3;7,16;5,9;Negativno;Ne
113;1,7;-45,5;6,84;1,89;Pozitivno;Ne
114;9,4;-42,6;7,57;2,08;Negativno;Ne
115;0,6;-62,2;6,81;5,19;Negativno;Ne
116;4,6;-27,8;7,44;3,31;Negativno;Ne
117;3,7;-59,9;7,49;1,8;Negativno;Ne
118;6,8;-41,2;7,18;0,95;Negativno;Ne
119;3,2;-62,0;7,55;1,57;Negativno;Ne
120;6,3;-53,4;6,34;4,71;Negativno;Ne
121;8,3;-63,8;6,44;5,07;Negativno;Ne
122;3,5;-47,8;7,5;2,61;Negativno;Da
123;8,0;-78,7;7,32;3,92;Negativno;Ne
124;7,6;-22,1;6,37;3,24;Negativno;Ne
125;3,2;-66,4;7,03;5,55;Negativno;Ne
126;1,8;-68,0;7,77;1,0;Negativno;Da
127;10,7;-18,4;6,54;2,45;Negativno;Ne
128;0,9;-74,0;6,55;2,3;Negativno;Ne
129;6,0;-16,3;6,86;8,192292325334508;Pozitivno;Da
130;6,2;-60,4;7,3;4,03;Negativno;Ne
131;5,1;-47,3;7,31;5,53;Negativno;Ne
132;6,7;-65,1;6,51;3,92;Negativno;Da
133;3,3;-55,0;6,93;4,04;Negativno;Ne
134;7,2;-36,7;7,06;0,37;Negativno;Ne
135;5,6;-73,0;6,57;3,73;Negativno;Ne
136;14,9;-8,6;7,52;3,725106602371023;Pozitivno;Da
137;12,3;-56,4;6,71;4,47;Pozitivno;Ne
138;8,4;-58,4;6,84;3,81;Negativno;Ne
139;1,6;-71,3;7,32;2,23;Negativno;Ne
140;8,2;-58,9;7,36;5,64;Negativno;Ne
141;2,9;-53,9;7,46;0,54;Negativno;Ne
142;8,0;-23,8;5,95;4,41;Negativno;Ne
143;4,9;-74,0;6,64;5,08;Negativno;Ne
144;1,6;-46,1;7,28;2,56;Pozitivno;Ne
145;1,9;-70,8;6,89;0,21;Negativno;Ne
146;12,8;-66,4;7,29;1,7;Negativno;Ne
147;5,4;-46,7;7,13;4,08;Negativno;Ne
148;12,9;-64,6;5,95;4,36;Negativno;Ne
149;1,3;-37,9;6,31;3,92;Negativno;Ne
150;8,2;-49,6;6,17;0,55;Negativno;Ne
151;9,4;-69,1;7,02;3,51;Pozitivno;Ne
152;9,1;-52,8;6,46;4,37;Negativno;Ne
153;10,9;-40,9;6,32;0,73;Negativno;Ne
154;10,9;-57,3;7,94;2,47;Negativno;Ne
155;9,2;-41,0;6,62;4,51;Negativno;Ne
156;9,2;-24,4;7,18;4,9;Negativno;Ne
157;14,6;-50,2;7,47;2,4;Negativno;Ne
158;4,7;-52,3;7,32;4,08;Negativno;Ne
159;2,3;-49,8;6,1;3,23;Negativno;Ne
160;8,1;-48,6;6,16;5,07;Negativno;Ne
161;14,6;-27,5;7,19;1,88;Negativno;Ne
162;8,0;-48,3;6,8;1,2;Negativno;Ne
163;8,1;-28,6;7,52;1,16;Negativno;Ne
164;3,3;-66,0;7,37;3,74;Negativno;Ne
165;8,7;-22,9;6,94;5,53;Negativno;Ne
166;4,9;-67,3;7,2;3,64;Negativno;Ne
167;3,9;-25,7;7,22;1,05;Negativno;Ne
168;13,0;-35,4;7,08;2,23;Negativno;Ne
169;5,2;-77,0;7,06;2,0;Negativno;Ne
170;8,3;-97,7;7,4;0,12;Negativno;Ne
171;7,5;-2,8;6,57;3,3;Negativno;Ne
172;10,1;-35,5;6,84;0,85;Negativno;Ne
173;2,3;-40,0;6,77;4,36;Negativno;Da
174;14,6;-90,9;7,13;5,77;Pozitivno;Ne
175;5,8;-30,3;7,98;3,75;Pozitivno;Ne
176;4,5;-58,8;7,36;1,53;Negativno;Ne
177;4,9;-35,3;7,25;0,14;Negativno;Ne
178;8,9;-57,6;7,33;3,1;Negativno;Ne
179;5,1;-66,7;6,82;2,7;Negativno;Ne
180;13,1;-34,6;7,41;2,98;Negativno;Ne
181;10,1;-53,1;7,54;0,69;Negativno;Ne
182;4,8;-37,9;6,68;0,52;Negativno;Ne
183;4,1;-49,8;6,33;5,52;Negativno;Ne
184;7,0;-48,0;7,43;2,25;Negativno;Ne
185;1,0;-42,8;7,12;0,27;Negativno;Ne
186;9,3;-55,8;6,97;0,28;Negativno;Ne
187;5,4;-83,2;7,92;1,77;Negativno;Ne
188;2,8;-58,0;5,61;4,4;Negativno;Ne
189;13,4;-53,9;6,77;1,57;Negativno;Ne
190;2,6;-53,9;7,71;2,32;Negativno;Ne
191;1,8;-20,7;7,16;3,96;Negativno;Ne
192;11,2;-51,9;7,0;1,22;Negativno;Ne
193;1,9;-64,0;6,85;5,16;Negativno;Ne
194;1,3;-62,2;7,35;2,89;Negativno;Ne
195;0,2;-54,5;6,76;2,36;Negativno;Ne
196;2,1;-43,6;6,68;1,86;Negativno;Ne
197;7,9;-34,6;6,14;4,63;Negativno;Ne
198;4,8;-67,9;7,23;1,07;Negativno;Ne
199;5,2;-44,2;6,56;2,46;Negativno;Ne
200;2,5;-67,4;5,86;4,42;Negativno;Ne
201;7,3;-55,4;6,74;5,15;Negativno;Ne
202;9,1;-63,9;6,77;1,38;Negativno;Ne
203;0,4;-74,8;7,85;2,81;Negativno;Ne
204;1,7;-62,6;7,21;4,05;Negativno;Ne
205;13,3;-62,6;6,2;3,24;Negativno;Ne
206;8,6;-48,2;6,89;0,19;Negativno;Ne
207;6,7;-55,9;6,11;1,68;Negativno;Ne
208;6,9;-30,4;6,83;2,4;Negativno;Ne
209;10,1;-38,9;7,42;4,0;Negativno;Ne
210;8,8;-48,8;6,82;3,55;Negativno;Ne
211;2,3;-11,1;7,87;5,87;Negativno;Ne
212;5,5;-11,8;6,78;10,313774759489382;Pozitivno;Da
213;8,3;-14,2;7,28;9,112292325334508;Pozitivno;Da
214;12,2;-53,9;6,53;3,2;Negativno;Ne
215;4,9;-66,7;6,53;1,85;Negativno;Ne
216;10,6;-50,0;7,16;5,48;Pozitivno;Ne
217;14,7;-65,4;6,97;3,63;Negativno;Ne
218;3,7;-48,5;7,69;5,32;Negativno;Ne
219;2,5;-54,7;6,69;4,3;Negativno;Ne
220;8,4;-72,5;6,7;3,36;Negativno;Ne
221;0,5;-33,1;6,61;4,37;Negativno;Ne
222;13,6;-51,5;7,18;0,61;Negativno;Ne
223;12,6;-66,1;6,91;0,75;Negativno;Ne
224;2,0;-57,7;6,91;5,02;Negativno;Ne
225;9,4;-45,7;7,38;1,59;Negativno;Ne
226;11,0;-57,8;7,55;4,2;Negativno;Ne
227;9,8;-42,3;6,47;2,45;Negativno;Ne
228;12,9;-36,4;6,57;2,34;Negativno;Ne
229;10,2;-43,2;6,88;0,48;Negativno;Ne
230;3,2;-50,0;7,2;4,33;Negativno;Ne
231;12,8;-53,8;8,18;3,73;Negativno;Ne
232;3,4;-56,3;7,9;0,7;Negativno;Ne
233;3,1;-51,1;7,22;1,23;Negativno;Ne
234;3,7;-42,0;6,5;1,1;Negativno;Ne
235;1,3;-54,6;6,75;5,94;Negativno;Ne
236;3,0;-37,2;7,44;0,43;Pozitivno;Ne
237;5,2;-26,9;6,96;0,23;Pozitivno;Da
238;12,3;-50,5;6,61;4,24;Negativno;Ne
239;1,8;-53,3;7,36;2,56;Negativno;Ne
240;14,4;-44,6;6,63;2,24;Negativno;Ne
241;2,9;-44,9;6,53;3,18;Negativno;Ne
242;10,1;-40,0;6,44;2,8;Negativno;Ne
243;6,7;-61,8;7,87;1,74;Negativno;Ne
244;10,8;-39,4;7,23;1,15;Negativno;Ne
245;11,0;-57,0;7,31;2,41;Negativno;Ne
246;0,4;-49,9;6,71;4,9;Negativno;Ne
247;10,6;-46,4;7,29;3,85;Negativno;Ne
248;7,9;-80,6;6,47;1,06;Negativno;Ne
249;2,1;-43,9;6,69;1,85;Negativno;Ne
250;3,6;-43,2;7,53;0,21;Negativno;Ne
251;9,9;-41,6;6,43;3,77;Negativno;Ne
252;14,7;-71,4;7,77;4,89;Negativno;Ne
253;3,1;-42,9;8,01;5,23;Negativno;Ne
254;9,7;-43,3;7,17;5,01;Negativno;Ne
255;0,2;-49,7;7,35;1,73;Negativno;Ne
256;6,9;-40,0;7,52;1,48;Negativno;Ne
257;7,5;-44,2;6,64;3,84;Negativno;Ne
258;0,3;-43,6;6,85;3,08;Negativno;Ne
259;0,2;-42,2;6,85;1,12;Negativno;Ne
260;14,6;-38,4;7,56;1,36;Negativno;Ne
261;3,9;-44,0;7,32;5,72;Negativno;Ne
262;1,6;-7,7;7,83;1,83;Pozitivno;Ne
263;5,1;-48,5;6,91;5,35;Negativno;Ne
264;14,3;150,0;-2,0;4,47;Pozitivno;Ne
265;10,5;-26,7;7,77;5,2;Negativno;Ne
266;4,4;-48,9;6,18;5,0;Negativno;Ne
267;1,7;-32,2;6,08;1,49;Negativno;Ne
268;2,0;-39,6;6,22;1,74;Negativno;Ne
269;1,3;-34,1;7,19;2,2;Negativno;Ne
270;11,3;-45,7;7,19;2,71;Negativno;Ne
271;0,6;-82,4;6,66;5,78;Negativno;Ne
272;7,0;-23,8;7,26;2,58;Negativno;Ne
273;8,5;-60,9;6,66;4,3;Negativno;Ne
274;9,4;-38,1;6,99;2,21;Negativno;Ne
275;12,3;-69,1;7,54;5,85;Negativno;Ne
276;10,2;-43,0;6,7;5,55;Negativno;Ne
277;14,2;-53,4;7,87;2,97;Negativno;Ne
278;14,0;-28,8;6,5;0,31;Pozitivno;Ne
279;1,7;-34,3;7,11;0,73;Negativno;Ne
280;0,7;-25,4;7,08;2,96;Negativno;Ne
281;6,8;-35,2;7,17;1,9;Negativno;Ne
282;14,2;-19,0;6,41;0,71;Negativno;Ne
283;8,0;-51,0;6,95;5,59;Negativno;Ne
284;4,5;-37,9;7,89;1,97;Negativno;Ne
285;5,8;-46,1;7,47;2,4;Negativno;Ne
286;8,9;-78,1;6,52;5,58;Negativno;Ne
287;11,2;-50,0;6,56;4,93;Negativno;Ne
288;10,5;-35,8;7,05;5,61;Negativno;Ne
289;4,9;-47,6;6,39;5,77;Negativno;Ne
290;0,7;-66,8;5,98;4,85;Negativno;Ne
291;12,7;-95,3;7,2;1,18;Pozitivno;Ne
292;11,3;-16,7;7,67;3,67;Negativno;Ne
293;14,1;-53,5;7,3;3,82;Negativno;Ne
294;0,4;-9,0;6,88;4,933094309164631;Pozitivno;Da
295;1,9;-59,5;6,03;3,87;Pozitivno;Ne
296;7,2;-54,2;6,76;5,88;Negativno;Ne
297;0,4;-60,3;7,65;3,39;Pozitivno;Ne
298;14,8;-37,2;6,38;1,73;Negativno;Ne
299;6,1;-48,6;7,24;2,02;Negativno;Ne
300;7,0;-82,4;6,66;3,12;Negativno;Ne
301;0,3;-54,6;6,79;2,8;Pozitivno;Ne
302;9,8;-44,2;6,31;3,11;Negativno;Ne
303;1,8;-33,9;7,22;5,56;Negativno;Ne
304;1,5;-29,5;7,47;4,2;Negativno;Ne
305;13,5;-31,3;7,2;1,88;Negativno;Ne
306;0,8;-54,6;7,18;4,7;Pozitivno;Ne
307;2,2;-46,3;6,51;4,03;Pozitivno;Ne
308;11,4;-7,2;7,33;5,14;Pozitivno;Ne
309;4,2;-56,1;6,63;4,83;Negativno;Ne
310;7,2;-40,8;6,52;3,69;Negativno;Da
311;11,9;-66,0;6,6;3,69;Negativno;Ne
312;7,2;-67,4;7,2;2,4;Negativno;Ne
313;10,3;-13,1;7,05;7,225106602371023;Pozitivno;Da
314;3,7;-72,4;6,61;0,63;Negativno;Ne
315;1,8;-38,0;6,55;5,99;Negativno;Ne
316;8,5;-31,8;6,33;1,68;Negativno;Da
317;6,3;-58,7;8,14;4,05;Negativno;Ne
318;9,3;-55,9;7,85;2,62;Negativno;Ne
319;1,1;-67,0;7,2;1,8;Negativno;Ne
320;3,2;-28,4;7,09;2,93;Negativno;Ne
321;0,2;-60,3;6,64;4,55;Negativno;Ne
322;9,7;-47,5;7,14;4,3;Negativno;Ne
323;11,7;-45,2;6,4;4,37;Negativno;Ne
324;8,5;-44,4;6,96;3,27;Negativno;Ne
325;8,3;-59,7;6,97;4,73;Negativno;Ne
326;3,9;-67,1;6,78;2,98;Negativno;Ne
327;2,8;-39,8;7,87;4,49;Negativno;Ne
328;12,3;-39,3;6,49;0,5;Negativno;Ne
329;11,8;-68,0;6,63;4,78;Negativno;Ne
330;8,7;-70,9;7,55;5,63;Negativno;Ne
331;3,0;-57,0;7,14;2,73;Negativno;Ne
332;7,3;-42,4;6,22;5,45;Negativno;Ne
333;10,3;-20,0;7,9;7,202292325334508;Pozitivno;Da
334;0,9;-56,1;6,8;0,84;Negativno;Ne
335;9,4;-33,8;7,4;3,37;Negativno;Ne
336;12,6;-41,8;6,76;2,54;Negativno;Ne
337;12,4;-69,8;7,57;0,14;Pozitivno;Ne
338;6,7;-54,6;7,14;1,28;Negativno;Ne
339;0,7;-64,0;6,15;4,32;Negativno;Ne
340;11,0;-65,3;6,65;3,07;Negativno;Ne
341;6,9;-44,7;6,26;4,66;Negativno;Ne
342;9,0;-73,8;6,79;4,73;Negativno;Ne
343;6,6;-70,5;6,26;2,64;Negativno;Ne
344;3,6;-51,3;6,89;3,46;Negativno;Ne
345;3,0;-39,4;7,6;4,26;Pozitivno;Ne
346;2,5;-34,8;6,83;3,58;Negativno;Ne
347;4,7;-62,6;7,64;5,03;Pozitivno;Ne
348;12,3;-49,7;7,38;1,51;Negativno;Ne
349;5,1;-55,0;6,83;1,45;Negativno;Ne
350;12,4;-36,7;6,72;5,52;Negativno;Ne
351;10,5;-50,8;6,99;1,85;Negativno;Ne
352;14,0;-54,8;6,62;3,24;Negativno;Ne
353;4,7;-45,8;7,38;4,72;Negativno;Ne
354;2,5;-15,4;6,06;8,225106602371023;Pozitivno;Da
355;12,9;-40,7;6,03;3,8;Negativno;Ne
356;5,6;-57,8;7,19;1,52;Negativno;Ne
357;11,0;-54,9;7,45;2,83;Negativno;Ne
358;8,4;-50,6;6,06;1,83;Negativno;Ne
359;14,8;-15,7;6,18;9,53229232533451;Pozitivno;Da
360;9,6;-60,6;6,49;0,78;Negativno;Ne
361;9,5;-32,4;7,49;4,25;Negativno;Ne
362;3,6;-45,2;6,47;3,93;Negativno;Ne
363;9,2;-34,4;7,11;5,88;Negativno;Ne
364;10,3;-49,7;6,32;1,95;Negativno;Ne
365;5,4;-71,9;6,99;2,6;Negativno;Ne
366;14,7;-44,9;6,78;3,14;Negativno;Ne
367;9,5;-51,7;7,19;1,61;Negativno;Ne
368;8,8;-54,5;6,26;1,42;Negativno;Ne
369;0,4;-69,8;7,96;5,8;Negativno;Ne
370;7,1;-33,4;6,43;5,39;Negativno;Ne
371;12,1;-46,5;7,12;2,54;Negativno;Ne
372;8,0;-69,6;6,96;1,43;Negativno;Ne
373;14,4;-38,0;7,14;3,21;Negativno;Ne
374;0,6;-62,8;6,5;3,12;Negativno;Ne
375;11,4;-62,1;6,41;2,76;Negativno;Ne
376;5,7;-19,2;6,96;1,37;Negativno;Ne
377;14,6;-43,8;6,76;1,24;Negativno;Ne
378;10,5;-68,9;6,48;2,83;Pozitivno;Ne
379;11,7;-20,2;7,5;3,27;Negativno;Ne
380;14,9;-70,5;5,88;5,29;Negativno;Ne
381;13,9;-59,8;7,43;3,76;Negativno;Ne
382;7,8;-42,6;8,49;3,96;Negativno;Ne
383;7,0;-30,5;6,57;4,65;Negativno;Ne
384;5,1;-18,5;7,52;9,345106602371022;Pozitivno;Da
385;4,7;-40,9;7,37;2,57;Negativno;Ne
386;3,7;-31,6;7,79;5,08;Negativno;Ne
387;15,0;-68,1;7,71;0,88;Negativno;Ne
388;12,5;-50,7;7,56;5,38;Negativno;Ne
389;12,6;-66,8;7,71;0,73;Pozitivno;Ne
390;8,2;-54,9;5,93;2,0;Negativno;Ne
391;13,8;-65,1;6,66;0,51;Negativno;Ne
392;3,1;-34,4;7,41;0,79;Negativno;Ne
393;12,2;-52,6;7,68;2,1;Negativno;Ne
394;2,8;-59,6;7,8;1,06;Negativno;Ne
395;8,8;-46,7;7,55;0,13;Negativno;Ne
396;9,6;-20,3;7,26;5,34;Negativno;Ne
397;0,9;-12,5;5,95;8,933774759489381;Pozitivno;Da
398;12,0;-50,5;7,32;1,59;Negativno;Ne
399;10,3;-87,1;7,26;4,07;Negativno;Ne
400;13,4;-33,5;6,58;3,79;Negativno;Ne
401;5,9;-26,2;5,95;5,74;Negativno;Da
402;10,5;-34,8;6,57;1,98;Negativno;Ne
403;6,7;-48,9;7,48;2,25;Negativno;Ne
404;6,1;-53,7;7,45;5,91;Negativno;Ne
405;5,5;-34,8;7,6;1,09;Negativno;Ne
406;8,5;-41,6;6,87;1,55;Negativno;Ne
407;3,5;-58,2;6,76;4,53;Negativno;Ne
408;7,4;-15,5;7,41;6,985106602371022;Pozitivno;Da
409;9,4;-48,6;7,05;2,52;Negativno;Ne
410;11,6;-48,3;6,24;2,46;Negativno;Ne
411;11,5;-84,5;7,21;1,88;Negativno;Ne
412;5,8;-42,6;6,92;5,68;Negativno;Da
413;6,3;-92,7;7,14;1,23;Negativno;Ne
414;12,4;-33,3;6,84;3,25;Negativno;Ne
415;9,5;-66,7;7,41;1,01;Negativno;Ne
416;12,2;-36,3;7,16;5,77;Negativno;Ne
417;6,0;-58,7;7,4;3,01;Negativno;Ne
418;6,3;-49,3;6,85;0,7;Negativno;Ne
419;8,4;-23,8;6,87;3,33;Negativno;Ne
420;0,4;-31,6;7,62;2,47;Negativno;Ne
421;8,4;-34,0;6,16;1,98;Negativno;Ne
422;11,3;-30,6;7,37;3,75;Negativno;Ne
423;2,3;-68,2;6,68;0,7;Negativno;Ne
424;12,5;-47,6;6,04;3,48;Negativno;Ne
425;5,2;-56,4;6,33;2,51;Negativno;Ne
426;8,5;-34,5;7,01;2,34;Negativno;Ne
427;13,0;-34,8;7,32;0,75;Negativno;Da
428;5,8;-56,5;7,87;4,12;Negativno;Ne
429;5,0;-54,3;6,47;1,76;Negativno;Ne
430;11,0;-54,3;6,96;0,88;Pozitivno;Ne
431;8,6;-40,1;6,31;0,13;Pozitivno;Ne
432;13,7;-71,4;6,94;4,09;Negativno;Ne
433;0,4;-64,4;6,83;5,37;Negativno;Ne
434;0,5;-42,0;7,12;5,41;Negativno;Ne
435;5,9;-42,7;6,94;3,84;Negativno;Ne
436;4,5;-33,4;6,45;5,86;Negativno;Ne
437;2,2;-43,3;7,16;2,48;Negativno;Ne
438;4,6;150,0;-2,0;2,22;Pozitivno;Ne
439;3,4;-41,1;7,52;1,28;Negativno;Ne
440;10,5;-57,6;6,94;2,47;Negativno;Ne
441;10,9;-41,9;7,54;4,01;Negativno;Ne
442;5,7;-38,9;7,44;3,94;Negativno;Ne
443;6,0;-55,4;6,88;5,29;Negativno;Ne
444;11,6;-52,6;6,29;4,83;Negativno;Ne
445;12,0;-50,1;6,96;4,12;Negativno;Ne
446;4,0;-68,0;6,26;1,97;Negativno;Ne
447;8,1;-51,0;7,37;4,04;Negativno;Ne
448;6,5;-85,6;7,48;0,71;Negativno;Ne
449;1,0;-35,6;6,93;5,57;Negativno;Ne
450;8,1;-63,4;6,88;2,84;Negativno;Ne
451;5,7;-39,3;5,96;2,9;Negativno;Ne
452;2,8;-81,3;7,1;1,62;Negativno;Ne
453;10,4;-57,0;7,59;1,11;Negativno;Ne
454;1,7;-55,7;8,08;5,32;Negativno;Da
455;2,0;-40,0;6,47;1,03;Negativno;Ne
456;4,2;-38,5;6,28;3,28;Negativno;Ne
457;14,9;-51,4;6,85;3,25;Negativno;Ne
458;12,7;-68,7;7,44;1,7;Negativno;Ne
459;14,7;-34,8;6,12;2,67;Negativno;Ne
460;9,7;-78,2;7,53;2,63;Negativno;Ne
461;6,7;-50,8;6,63;0,74;Negativno;Ne
462;4,7;-79,7;6,89;1,7;Negativno;Ne
463;8,4;-40,4;7,53;4,3;Negativno;Ne
464;14,0;-72,8;7,74;1,24;Negativno;Ne
465;7,7;-39,5;6,75;3,37;Negativno;Ne
466;5,9;-87,4;6,89;0,63;Negativno;Ne
467;6,5;-31,3;7,24;2,49;Negativno;Ne
468;0,2;-58,6;6,39;0,11;Negativno;Ne
469;13,4;-36,8;5,93;1,44;Negativno;Ne
470;1,6;-65,8;7,25;4,85;Negativno;Ne
471;13,3;-28,8;7,08;3,54;Negativno;Ne
472;7,6;-37,7;6,38;4,9;Negativno;Ne
473;5,0;-19,1;6,96;4,93;Negativno;Ne
474;0,2;-33,8;7,49;3,54;Negativno;Ne
475;1,6;-62,3;6,57;0,12;Negativno;Ne
476;12,0;-43,6;6,11;5,37;Negativno;Ne
477;7,1;-52,9;7,17;4,86;Negativno;Ne
478;3,3;-54,8;6,19;0,38;Negativno;Ne
479;13,0;-55,9;6,53;3,38;Negativno;Ne
480;0,4;-58,0;6,98;5,11;Negativno;Ne
481;12,3;-72,5;6,83;5,55;Pozitivno;Ne
482;2,7;-48,4;7,77;0,62;Negativno;Ne
483;3,4;-45,4;5,99;3,51;Negativno;Ne
484;0,7;-62,8;6,7;0,55;Negativno;Ne
485;11,1;-46,0;6,88;5,83;Pozitivno;Ne
486;4,2;-45,4;6,16;4,59;Negativno;Ne
487;8,3;-36,2;7,07;0,93;Negativno;Ne
488;5,4;-43,5;6,62;5,79;Negativno;Ne
489;2,7;-37,3;7,56;2,58;Negativno;Ne
490;13,5;-46,9;6,76;4,59;Negativno;Ne
491;12,4;-50,4;6,98;3,03;Negativno;Ne
492;3,5;-22,6;7,84;2,11;Negativno;Ne
493;7,4;-67,0;7,28;1,86;Negativno;Ne
494;5,1;-45,1;6,07;5,24;Negativno;Ne
495;10,1;-68,8;6,95;4,26;Negativno;Ne
496;6,6;-67,1;6,84;3,22;Negativno;Ne
497;13,7;-39,5;7,33;1,94;Negativno;Ne
498;7,1;-19,6;7,46;7,482292325334509;Pozitivno;Da
499;6,3;-29,6;6,81;5,16;Negativno;Ne
500;11,2;-60,6;6,57;4,73;Negativno;Ne
501;5,0;-5,7;6,72;8,883774759489382;Pozitivno;Da
502;10,5;-50,6;6,66;3,08;Negativno;Ne
503;1,9;-33,9;6,67;4,78;Negativno;Ne
504;8,7;-54,7;7,3;4,21;Negativno;Ne
505;12,9;-45,9;7,53;1,55;Negativno;Ne
506;2,0;-46,9;6,86;4,23;Negativno;Ne
507;1,4;-25,9;7,24;5,67;Negativno;Ne
508;14,6;-70,0;6,73;3,9;Negativno;Ne
509;13,5;-75,3;7,28;0,46;Negativno;Ne
510;2,7;-51,3;6,87;5,84;Negativno;Da
511;10,8;-44,8;6,59;0,65;Negativno;Ne
512;11,9;-66,1;7,2;0,23;Negativno;Ne
513;3,6;-64,5;6,58;0,22;Negativno;Ne
514;4,8;-10,2;6,71;8,215106602371023;Pozitivno;Da
515;8,8;-30,5;7,37;2,65;Negativno;Ne
516;8,3;-59,5;6,35;2,83;Negativno;Ne
517;9,4;-28,5;6,31;4,99;Negativno;Ne
518;1,3;-41,2;6,49;3,62;Negativno;Ne
519;2,8;-31,9;7,17;3,68;Negativno;Ne
520;4,8;-34,8;6,41;0,3;Negativno;Ne
521;0,5;-38,7;6,52;0,43;Pozitivno;Ne
522;7,0;-76,7;6,2;1,39;Pozitivno;Ne
523;8,5;-42,3;7,7;5,87;Negativno;Ne
524;6,3;-53,5;7,35;2,62;Negativno;Ne
525;3,8;-40,2;6,54;5,79;Negativno;Ne
526;10,1;-14,0;7,13;8,345106602371022;Pozitivno;Da
527;5,8;-17,2;6,93;2,99;Negativno;Ne
528;1,3;-45,0;6,95;5,11;Negativno;Ne
529;4,8;-68,2;6,16;0,62;Pozitivno;Ne
530;2,8;-44,6;6,79;4,43;Negativno;Ne
531;0,4;-36,7;6,4;4,1;Negativno;Ne
532;11,9;-39,1;6,05;4,33;Negativno;Ne
533;5,0;-36,3;7,77;1,82;Pozitivno;Ne
534;13,7;-39,4;7,39;5,21;Negativno;Ne
535;5,8;-63,7;7,15;4,33;Negativno;Ne
536;11,6;-78,7;7,17;5,88;Negativno;Ne
537;8,6;-58,7;7,78;5,88;Negativno;Ne
538;6,8;-49,2;7,81;2,15;Pozitivno;Ne
539;8,7;-50,2;6,95;5,83;Negativno;Ne
540;11,3;-48,4;7,52;5,06;Negativno;Ne
541;4,8;-53,6;7,35;5,61;Negativno;Ne
542;0,3;-38,7;7,11;4,42;Pozitivno;Ne
543;7,0;-31,9;6,7;1,66;Negativno;Ne
544;0,3;-14,3;7,35;1,33;Negativno;Ne
545;3,8;-27,0;6,49;3,35;Negativno;Ne
546;13,0;-53,7;7,11;1,34;Negativno;Ne
547;5,9;-41,8;7,54;0,41;Negativno;Ne
548;1,1;-36,7;7,25;0,95;Negativno;Ne
549;4,7;-36,0;6,01;0,38;Pozitivno;Ne
550;8,8;-40,7;6,31;3,58;Negativno;Ne
551;7,5;-47,6;7,67;2,38;Pozitivno;Ne
552;3,8;-42,5;7,3;2,12;Negativno;Ne
553;9,9;-57,0;7,59;5,14;Negativno;Da
554;4,5;-41,9;7,67;3,01;Negativno;Ne
555;5,9;-38,5;6,91;2,46;Negativno;Ne
556;13,1;-47,7;7,47;3,95;Negativno;Ne
557;10,8;-52,9;7,11;5,47;Negativno;Ne
558;9,5;-56,1;7,6;4,86;Negativno;Ne
559;4,9;-58,9;7,48;5,75;Negativno;Ne
560;4,5;-69,2;7,32;4,67;Negativno;Ne
561;10,1;-67,2;7,58;0,7;Negativno;Ne
562;5,2;-45,7;7,01;1,82;Negativno;Ne
563;9,5;-19,1;7,15;6,563774759489382;Pozitivno;Da
564;14,4;-52,3;6,83;1,71;Negativno;Ne
565;13,6;-30,1;7,0;4,74;Negativno;Ne
566;1,1;-54,0;8,05;5,12;Negativno;Ne
567;11,5;-29,9;6,73;3,21;Negativno;Ne
568;2,0;-12,1;7,25;8,09309430916463;Pozitivno;Da
569;13,4;-64,2;7,24;4,24;Negativno;Ne
570;6,4;-23,1;7,04;4,36;Negativno;Ne
571;14,9;-47,9;7,19;3,85;Negativno;Ne
572;13,8;-28,0;7,33;4,35;Negativno;Da
573;3,5;-45,7;7,29;5,29;Negativno;Ne
574;10,8;-34,1;6,9;3,78;Negativno;Ne
575;14,9;-69,7;7,89;2,05;Negativno;Ne
576;1,7;-51,5;7,08;5,63;Negativno;Ne
577;9,4;-43,0;6,85;0,62;Negativno;Ne
578;12,3;-72,3;7,07;3,45;Negativno;Ne
579;1,8;-12,3;7,29;3,855106602371023;Pozitivno;Da
580;8,3;-58,8;7,17;6,0;Negativno;Ne
581;3,1;-62,7;7,32;1,54;Negativno;Ne
582;5,8;-51,8;7,54;3,5;Negativno;Ne
583;12,7;-50,8;6,81;4,09;Negativno;Ne
584;3,6;-68,2;6,95;2,12;Negativno;Ne
585;11,4;-27,6;6,93;1,19;Negativno;Ne
586;9,1;-43,0;7,72;4,76;Negativno;Ne
587;1,0;-35,6;6,63;4,11;Negativno;Ne
588;8,5;-33,0;6,79;0,58;Negativno;Ne
589;6,3;-79,8;7,82;1,07;Negativno;Ne
590;0,5;-46,2;7,14;1,29;Negativno;Ne
591;12,3;-49,4;6,79;4,22;Negativno;Ne
592;3,4;-58,0;7,77;4,91;Pozitivno;Ne
593;12,5;-54,1;6,94;1,95;Negativno;Ne
594;1,3;-78,6;6,76;5,79;Negativno;Ne
595;1,9;-58,0;6,59;3,29;Negativno;Ne
596;0,3;-68,5;6,93;3,56;Negativno;Ne
597;7,7;-45,1;6,78;1,49;Negativno;Ne
598;1,3;-54,6;7,28;4,08;Negativno;Ne
599;7,8;-10,1;6,46;9,065106602371024;Pozitivno;Da
600;11,7;-57,5;6,99;5,76;Negativno;Ne
601;10,9;-49,2;6,71;4,41;Negativno;Ne
602;0,2;-41,8;6,53;5,46;Negativno;Ne
603;3,1;-38,5;6,45;2,3;Negativno;Ne
604;13,7;-11,1;7,38;7,0651066023710225;Pozitivno;Da
605;9,6;-46,1;7,01;1,23;Negativno;Ne
606;4,4;-24,4;6,98;5,1;Negativno;Ne
607;7,6;-60,2;6,41;4,07;Negativno;Ne
608;13,8;-47,2;6,7;3,71;Negativno;Ne
609;4,6;-19,8;7,91;5,09;Negativno;Ne
610;7,3;-30,5;6,75;3,74;Negativno;Ne
611;11,2;-69,2;7,6;1,2;Negativno;Ne
612;2,5;-47,3;7,54;3,1;Negativno;Ne
613;12,4;-59,4;6,97;2,19;Negativno;Ne
614;11,8;-46,4;6,81;4,31;Negativno;Ne
615;1,7;-41,1;6,82;3,54;Negativno;Ne
616;8,5;-50,6;6,83;5,6;Negativno;Ne
617;8,6;-27,6;6,51;5,86;Negativno;Ne
618;7,4;-56,1;6,66;2,96;Negativno;Ne
619;9,0;-37,8;6,76;5,21;Negativno;Ne
620;3,8;-46,3;6,95;2,1;Pozitivno;Ne
621;3,6;-48,7;8,15;1,35;Negativno;Ne
622;12,7;-42,5;6,67;0,92;Negativno;Ne
623;15,0;-48,4;7,56;2,3;Negativno;Ne
624;5,2;-55,0;6,83;4,67;Negativno;Ne
625;11,2;-36,6;6,67;1,79;Negativno;Ne
626;12,3;-62,2;6,01;5,34;Negativno;Ne
627;4,6;-63,7;7,21;0,68;Negativno;Ne
628;15,0;-45,8;6,49;4,04;Pozitivno;Ne
629;4,9;-60,2;7,39;1,4;Negativno;Ne
630;6,9;-53,6;6,83;4,38;Negativno;Ne
631;3,1;-63,4;6,55;3,22;Negativno;Ne
632;11,7;-15,4;7,43;5,54;Negativno;Ne
633;0,3;-55,6;7,14;2,34;Negativno;Ne
634;1,4;-52,1;6,25;4,65;Negativno;Ne
635;10,6;-45,5;7,24;0,55;Negativno;Ne
636;5,5;-47,2;7,96;0,35;Negativno;Ne
637;12,4;-42,2;7,64;1,02;Negativno;Da
638;9,5;-71,3;6,78;2,88;Negativno;Ne
639;8,0;-38,9;7,39;5,35;Pozitivno;Ne
640;11,1;-38,6;6,92;5,18;Negativno;Ne
641;13,5;-39,8;7,32;5,78;Negativno;Ne
642;8,0;-60,8;6,71;1,35;Negativno;Ne
643;12,2;-62,2;7,41;1,42;Negativno;Ne
644;14,7;-38,8;6,95;3,46;Negativno;Ne
645;12,9;-49,6;7,25;2,41;Negativno;Ne
646;14,4;-40,4;7,39;2,92;Negativno;Ne
647;14,1;-56,2;6,09;3,2;Negativno;Ne
648;13,8;-51,7;6,68;0,27;Negativno;Da
649;8,0;-62,9;6,86;3,37;Negativno;Ne
650;12,0;-56,7;6,56;1,53;Negativno;Ne
651;11,7;-48,9;6,24;1,54;Negativno;Ne
652;13,7;-45,2;6,91;5,95;Pozitivno;Ne
653;12,4;-43,6;7,31;0,47;Negativno;Ne
654;8,8;-56,1;7,13;5,63;Negativno;Ne
655;14,6;-57,2;7,81;1,5;Negativno;Ne
656;9,4;-19,8;7,8;1,78;Pozitivno;Ne
657;11,7;-44,0;7,0;2,83;Negativno;Ne
658;9,1;-48,5;6,95;0,23;Negativno;Ne
659;0,2;-38,1;7,94;5,25;Negativno;Ne
660;14,3;-25,6;7,31;0,56;Negativno;Ne
661;2,8;-65,4;6,88;4,21;Negativno;Ne
662;2,6;-44,3;7,1;2,65;Negativno;Ne
663;3,1;-41,1;7,01;0,75;Negativno;Ne
664;8,3;-38,9;7,79;2,03;Negativno;Ne
665;2,2;-72,2;7,29;4,45;Negativno;Ne
666;14,5;-65,0;7,06;4,57;Negativno;Da
667;5,5;-68,8;6,16;0,64;Negativno;Ne
668;2,6;-10,5;7,5;0,77;Negativno;Ne
669;8,3;-42,1;6,9;4,18;Negativno;Ne
670;10,6;-62,9;7,18;0,31;Negativno;Ne
671;14,4;-57,8;7,0;4,48;Negativno;Ne
672;4,9;-67,4;7,89;3,85;Negativno;Ne
673;9,1;-53,0;7,49;1,85;Negativno;Ne
674;10,3;-45,5;6,81;5,67;Negativno;Ne
675;5,3;-46,6;6,26;1,51;Negativno;Ne
676;13,1;-39,7;6,85;4,89;Negativno;Ne
677;14,1;-48,1;6,81;0,94;Negativno;Ne
678;14,6;-46,0;7,25;0,38;Negativno;Ne
679;5,3;-60,1;6,66;0,48;Negativno;Ne
680;4,1;-29,1;6,53;2,58;Negativno;Ne
681;2,2;-42,4;6,96;4,5;Negativno;Ne
682;2,2;-52,2;6,94;4,46;Negativno;Ne
683;8,3;-37,7;7,51;3,29;Negativno;Ne
684;9,5;-57,0;7,72;4,47;Negativno;Ne
685;3,5;-25,1;6,82;3,72;Negativno;Ne
686;1,0;-16,4;6,13;4,77;Negativno;Ne
687;14,0;-46,3;6,66;4,9;Negativno;Ne
688;1,2;-80,0;6,02;3,45;Negativno;Ne
689;10,5;-42,9;7,42;2,2;Pozitivno;Ne
690;6,5;-33,8;7,14;1,36;Negativno;Ne
691;7,0;-57,0;7,37;4,32;Pozitivno;Ne
692;3,2;-72,3;7,79;3,29;Negativno;Ne
693;1,0;-49,5;8,01;4,67;Pozitivno;Ne
694;11,0;-32,3;6,54;5,32;Negativno;Ne
695;7,3;-32,2;7,34;4,06;Negativno;Ne
696;7,7;-32,8;6,83;5,01;Negativno;Da
697;1,7;-7,9;7,19;2,27;Negativno;Ne
698;14,3;-67,3;6,96;0,38;Negativno;Ne
699;9,7;-40,0;8,29;1,2;Negativno;Ne
700;2,5;-25,3;6,03;3,42;Negativno;Ne
701;0,8;-54,8;6,9;4,74;Negativno;Da
702;3,3;-52,4;7,73;0,22;Negativno;Ne
703;13,4;-73,3;7,91;0,46;Negativno;Ne
704;4,3;-20,0;6,52;3,75;Negativno;Ne
705;14,4;-84,1;7,02;2,64;Negativno;Ne
706;2,4;-67,6;7,34;3,41;Negativno;Ne
707;12,9;-51,5;7,51;4,1;Negativno;Ne
708;10,9;-58,4;6,38;3,09;Negativno;Ne
709;3,0;-41,4;6,6;2,61;Negativno;Ne
710;7,3;-72,5;6,79;3,13;Negativno;Ne
711;14,1;-52,7;6,59;1,42;Negativno;Ne
712;2,6;-15,0;6,53;6,003774759489382;Pozitivno;Da
713;2,4;-15,9;6,57;4,085106602371023;Pozitivno;Da
714;10,8;-45,8;7,38;2,61;Negativno;Ne
715;11,6;-46,6;6,76;0,47;Pozitivno;Ne
716;14,9;-59,0;7,35;0,25;Pozitivno;Ne
717;7,4;-23,2;6,78;4,64;Negativno;Ne
718;8,6;-18,3;7,23;6,8830943091646315;Pozitivno;Da
719;0,1;-55,6;7,04;1,55;Negativno;Ne
720;10,6;-55,1;5,95;4,22;Negativno;Ne
721;0,7;-21,0;6,81;5,16;Negativno;Ne
722;1,1;-93,4;7,17;2,26;Negativno;Ne
723;2,3;-43,0;7,43;5,03;Negativno;Ne
724;5,8;-30,0;7,52;2,49;Negativno;Ne
725;8,8;-53,5;7,2;5,51;Pozitivno;Ne
726;12,7;-67,3;7,18;4,53;Negativno;Ne
727;0,3;-69,8;7,68;4,73;Negativno;Da
728;2,5;-36,4;7,66;4,93;Negativno;Ne
729;13,8;-51,5;7,04;4,66;Negativno;Ne
730;8,0;-21,8;6,75;3,9;Negativno;Ne
731;14,6;-42,9;6,81;3,41;Negativno;Ne
732;8,8;-31,1;6,87;4,31;Negativno;Ne
733;7,1;-77,8;6,43;4,07;Negativno;Ne
734;7,7;-56,3;6,74;5,66;Negativno;Ne
735;0,6;-73,3;8,01;5,25;Negativno;Ne
736;4,7;-19,6;7,17;2,69;Negativno;Ne
737;5,8;-62,9;7,17;0,65;Negativno;Ne
738;12,3;-56,2;6,25;0,27;Negativno;Ne
739;12,1;-48,8;6,77;2,04;Negativno;Da
740;3,0;-67,7;6,99;3,85;Negativno;Ne
741;1,4;-66,8;8,0;1,29;Negativno;Ne
742;14,2;-49,7;7,49;3,35;Negativno;Ne
743;6,3;-58,9;7,93;4,0;Negativno;Da
744;0,9;-53,1;7,27;5,06;Negativno;Ne
745;5,5;-50,9;7,08;3,67;Negativno;Ne
746;6,9;-40,2;6,94;0,61;Negativno;Ne
747;12,2;-88,4;7,16;5,97;Negativno;Ne
748;14,3;-62,1;7,32;2,4;Negativno;Ne
749;8,8;-63,5;6,78;0,27;Negativno;Ne
750;0,4;-36,9;6,71;1,48;Negativno;Ne
751;1,1;-46,6;6,53;1,71;Negativno;Ne
752;13,3;-36,8;7,67;1,94;Negativno;Ne
753;2,5;-60,6;7,47;5,83;Negativno;Ne
754;12,2;-22,3;7,33;3,99;Negativno;Ne
755;1,2;-40,4;7,57;1,9;Negativno;Ne
756;8,9;-52,9;6,73;3,36;Negativno;Ne
757;14,9;-87,6;7,31;0,78;Negativno;Ne
758;6,7;-46,3;6,64;1,58;Negativno;Ne
759;7,2;-41,8;7,04;2,1;Negativno;Ne
760;12,4;-27,7;6,25;3,06;Negativno;Ne
761;3,1;-53,9;7,59;1,61;Pozitivno;Ne
762;12,4;-45,8;7,93;5,77;Negativno;Ne
763;6,1;-42,1;6,58;1,5;Negativno;Ne
764;3,0;-61,4;7,27;5,29;Negativno;Ne
765;11,1;150,0;-2,0;1,65;Pozitivno;Ne
766;7,6;-37,6;7,14;5,19;Negativno;Ne
767;7,2;-49,4;7,67;0,87;Negativno;Ne
768;3,4;-37,7;7,48;2,11;Negativno;Ne
769;5,8;-39,9;7,85;1,31;Negativno;Ne
770;12,6;-59,6;7,45;2,75;Negativno;Ne
771;13,9;-37,5;5,72;2,11;Negativno;Ne
772;1,1;-48,2;6,89;0,42;Pozitivno;Ne
773;7,6;-57,5;6,59;4,08;Negativno;Ne
774;7,4;-46,0;7,26;2,64;Negativno;Ne
775;4,7;-50,7;7,05;0,32;Negativno;Ne
776;2,1;-63,4;7,19;4,72;Negativno;Ne
777;4,2;-37,2;6,9;3,52;Negativno;Da
778;8,9;-31,8;6,09;2,08;Negativno;Da
779;7,3;-83,1;6,27;3,32;Negativno;Ne
780;13,0;-85,8;6,75;5,92;Negativno;Ne
781;1,5;-39,0;6,24;4,89;Negativno;Ne
782;7,1;-55,6;7,04;4,13;Negativno;Ne
783;4,5;-39,4;7,37;4,94;Negativno;Ne
784;2,7;-57,7;7,01;2,09;Negativno;Ne
785;8,0;-85,6;6,73;1,5;Negativno;Ne
786;13,5;-43,0;6,65;1,5;Negativno;Ne
787;4,6;-48,9;6,68;2,48;Negativno;Ne
788;12,3;-49,8;6,69;1,88;Negativno;Ne
789;3,0;-67,7;6,61;5,25;Negativno;Ne
790;14,1;-81,8;7,68;4,08;Negativno;Ne
791;12,7;-49,3;6,55;3,55;Negativno;Ne
792;11,9;-57,3;6,48;1,22;Negativno;Ne
793;13,8;-35,1;6,56;0,24;Negativno;Ne
794;0,7;-33,2;7,09;0,41;Negativno;Ne
795;0,5;-45,2;6,65;5,82;Negativno;Ne
796;14,0;-40,9;6,92;3,05;Negativno;Ne
797;10,0;-32,3;6,07;1,12;Negativno;Ne
798;0,4;-48,3;7,27;2,06;Pozitivno;Ne
799;1,8;-60,3;7,32;0,53;Negativno;Ne
800;6,0;-54,6;6,67;3,25;Negativno;Ne
801;3,1;-47,5;7,16;0,81;Negativno;Ne
802;4,8;-42,7;7,29;5,14;Negativno;Ne
803;9,8;-40,2;6,66;5,59;Negativno;Ne
804;6,0;-15,9;6,88;5,075106602371023;Pozitivno;Da
805;0,3;-51,8;7,02;4,49;Negativno;Ne
806;4,6;-26,9;6,17;2,36;Negativno;Ne
807;10,2;-10,1;7,85;4,925106602371023;Pozitivno;Da
808;5,2;-14,9;7,74;4,0;Negativno;Ne
809;14,5;-20,0;6,29;3,48;Negativno;Ne
810;0,9;-31,2;7,56;3,0;Negativno;Ne
811;9,0;-30,2;6,92;5,44;Negativno;Ne
812;2,8;-63,0;7,72;3,24;Negativno;Ne
813;5,5;-12,5;6,87;3,86;Negativno;Ne
814;0,4;-7,2;6,92;8,035106602371023;Pozitivno;Da
815;3,2;-80,1;6,51;3,66;Negativno;Ne
816;6,7;-62,0;7,32;2,2;Pozitivno;Ne
817;9,0;-60,5;7,19;3,36;Negativno;Ne
818;10,4;-59,8;6,61;1,63;Negativno;Ne
819;13,8;-35,8;6,5;3,03;Negativno;Ne
820;0,2;-48,6;7,28;4,92;Negativno;Ne
821;3,3;-55,6;6,96;5,45;Negativno;Ne
822;2,3;-56,4;7,16;3,47;Negativno;Ne
823;7,4;-32,8;7,54;0,46;Negativno;Ne
824;10,8;-46,5;6,98;4,08;Pozitivno;Ne
825;7,8;-46,9;6,33;4,33;Negativno;Ne
826;9,2;-50,1;7,13;5,07;Negativno;Ne
827;13,2;-8,8;5,89;6,165106602371023;Pozitivno;Da
828;7,4;-52,2;6,65;5,8;Negativno;Ne
829;12,5;-82,6;8,04;3,31;Negativno;Ne
830;11,7;-69,3;6,51;5,55;Negativno;Ne
831;8,7;-7,2;7,26;5,6851066023710235;Pozitivno;Da
832;14,8;-40,7;7,03;4,03;Negativno;Ne
833;2,8;-75,1;5,86;2,15;Negativno;Ne
834;6,5;-35,9;7,33;3,36;Negativno;Ne
835;13,0;-46,5;7,68;2,51;Negativno;Ne
836;3,4;-63,4;6,4;5,96;Negativno;Ne
837;14,4;-8,7;6,72;7,845106602371023;Pozitivno;Da
838;6,1;-6,3;6,3;0,44;Negativno;Ne
839;3,0;-23,1;6,39;4,85;Negativno;Da
840;1,4;-52,3;7,79;0,95;Negativno;Ne
841;1,7;-47,8;7,49;4,5;Negativno;Ne
842;0,5;-35,2;6,44;2,49;Negativno;Ne
843;10,3;-53,0;6,97;4,13;Pozitivno;Ne
844;9,9;-50,4;6,99;0,89;Pozitivno;Ne
845;5,6;-68,7;6,54;4,49;Negativno;Ne
846;7,5;-67,8;8,06;4,38;Negativno;Ne
847;12,6;-43,9;6,31;5,02;Negativno;Ne
848;0,4;-48,5;6,65;5,39;Negativno;Ne
849;14,9;-10,0;6,74;5,505106602371023;Pozitivno;Da
850;4,2;-32,1;6,67;4,03;Negativno;Da
851;12,5;-55,4;5,88;2,64;Negativno;Ne
852;3,6;-44,0;7,01;5,6;Negativno;Ne
853;8,2;-64,1;7,35;1,79;Negativno;Ne
854;10,9;-9,0;6,19;4,153094309164632;Pozitivno;Da
855;9,9;-53,5;6,48;1,22;Negativno;Ne
856;10,9;-51,3;6,04;5,86;Negativno;Ne
857;7,7;-62,8;7,37;4,32;Negativno;Ne
858;12,1;-42,6;6,48;0,18;Pozitivno;Da
859;0,7;-56,1;6,75;5,43;Negativno;Ne
860;8,0;-28,3;5,44;5,17;Negativno;Ne
861;1,2;-42,6;6,8;2,77;Pozitivno;Ne
862;11,3;-49,9;7,09;3,7;Negativno;Ne
863;1,1;-52,7;6,47;3,38;Negativno;Ne
864;3,7;-34,2;6,92;5,54;Negativno;Da
865;12,0;-56,9;7,21;1,82;Negativno;Ne
866;10,1;-59,6;6,15;0,63;Negativno;Ne
867;0,1;-68,8;6,72;1,95;Negativno;Ne
868;9,8;-60,3;7,11;2,46;Negativno;Ne
869;3,8;-14,2;8,1;7,605106602371023;Pozitivno;Da
870;8,6;-60,4;6,48;5,61;Negativno;Ne
871;13,0;-29,4;7,42;5,28;Negativno;Ne
872;9,5;-53,9;6,39;1,23;Negativno;Ne
873;9,5;-52,0;7,21;5,01;Negativno;Ne
874;5,7;-50,6;7,53;4,06;Negativno;Ne
875;8,5;-27,4;6,49;3,8;Negativno;Ne
876;11,9;-47,0;7,77;3,37;Negativno;Ne
877;11,5;-55,4;6,75;1,52;Pozitivno;Ne
878;1,1;-57,6;7,21;4,56;Negativno;Ne
879;8,7;-55,4;6,65;5,1;Pozitivno;Da
880;11,1;-57,8;7,63;2,8;Negativno;Ne
881;5,7;-43,8;7,17;4,93;Negativno;Ne
882;0,6;-77,0;6,46;2,47;Negativno;Ne
883;11,0;-32,7;7,06;3,69;Negativno;Ne
884;11,5;-59,6;6,99;2,32;Negativno;Ne
885;4,6;-38,2;7,66;4,08;Negativno;Ne
886;10,6;-78,9;5,89;0,35;Pozitivno;Ne
887;7,7;-45,7;6,31;0,5;Negativno;Ne
888;6,1;-11,9;6,85;8,873094309164632;Pozitivno;Da
889;10,5;-71,1;6,89;5,32;Negativno;Ne
890;0,7;-62,3;6,71;3,25;Negativno;Ne
891;4,4;-45,5;7,17;2,07;Negativno;Da
892;6,7;-67,0;7,1;2,84;Negativno;Ne
893;9,9;-72,9;7,13;1,18;Negativno;Ne
894;7,7;-72,2;7,2;0,73;Negativno;Ne
895;11,0;-17,0;7,01;9,78229232533451;Pozitivno;Da
896;4,8;-70,5;6,69;3,05;Negativno;Ne
897;5,6;-37,1;7,05;2,62;Negativno;Ne
898;12,1;-73,8;6,71;4,43;Negativno;Ne
899;6,5;-62,4;6,73;5,83;Negativno;Ne
900;14,2;-32,0;6,76;1,56;Negativno;Ne
901;2,1;-40,7;7,13;4,03;Negativno;Ne
902;2,8;-45,3;7,06;5,91;Negativno;Ne
903;5,1;-45,0;7,19;5,72;Negativno;Ne
904;4,7;-41,2;6,8;3,05;Negativno;Ne
905;5,9;-73,6;6,99;5,44;Negativno;Da
906;0,7;-50,8;7,63;0,44;Negativno;Ne
907;4,3;-68,7;6,63;5,54;Negativno;Ne
908;11,8;-59,9;6,57;2,68;Negativno;Ne
909;8,0;-52,8;6,39;4,71;Negativno;Ne
910;13,1;-29,7;6,59;5,59;Negativno;Ne
911;9,8;-55,4;6,47;4,85;Negativno;Ne
912;11,9;-48,3;7,0;5,23;Negativno;Ne
913;13,8;-53,1;7,66;5,06;Negativno;Ne
914;5,8;-69,0;7,27;2,44;Negativno;Ne
915;12,5;-67,1;5,57;0,84;Negativno;Ne
916;13,6;-40,3;5,67;3,68;Negativno;Ne
917;4,8;-76,1;6,11;0,46;Negativno;Ne
918;4,9;-92,8;6,66;3,12;Negativno;Ne
919;0,7;-60,3;6,28;5,11;Negativno;Ne
920;1,0;-33,7;6,93;3,17;Negativno;Ne
921;10,4;-47,1;7,37;4,87;Negativno;Ne
922;6,1;-38,7;7,27;5,03;Negativno;Ne
923;6,3;-10,8;7,49;9,822292325334509;Pozitivno;Da
924;1,2;-47,9;6,38;3,79;Negativno;Ne
925;8,2;-51,8;6,57;4,32;Negativno;Ne
926;10,7;-51,2;7,59;1,63;Negativno;Ne
927;6,3;-52,5;7,79;5,63;Negativno;Ne
928;11,7;-28,9;6,42;4,38;Negativno;Ne
929;5,8;-36,4;6,36;4,04;Negativno;Ne
930;2,4;-61,1;7,25;3,23;Negativno;Ne
931;1,8;-50,3;7,66;0,83;Negativno;Ne
932;12,1;-51,5;7,59;3,26;Negativno;Ne
933;1,0;-67,2;7,27;5,8;Negativno;Ne
934;14,5;-35,2;6,65;3,98;Negativno;Ne
935;6,2;-55,2;7,34;0,89;Negativno;Ne
936;3,9;-68,4;6,47;2,39;Negativno;Ne
937;5,7;-41,0;6,46;2,39;Negativno;Ne
938;4,3;-44,4;7,11;0,94;Negativno;Ne
939;11,1;-6,8;7,16;3,37;Negativno;Ne
940;2,0;-39,3;7,37;1,56;Negativno;Ne
941;8,0;-64,8;6,99;5,41;Negativno;Ne
942;6,8;-9,9;6,55;4,552292325334508;Pozitivno;Da
943;12,9;-43,9;6,57;1,06;Negativno;Ne
944;7,9;-50,0;8,05;1,89;Negativno;Ne
945;14,7;-50,1;6,81;4,61;Negativno;Ne
946;4,1;-39,8;7,71;2,94;Negativno;Ne
947;9,1;-39,0;7,25;1,16;Negativno;Ne
948;11,0;-31,9;7,19;4,33;Negativno;Ne
949;0,2;-6,9;6,15;8,805106602371023;Pozitivno;Da
950;13,6;-41,8;7,21;0,86;Negativno;Ne
951;0,3;-61,9;6,72;2,3;Negativno;Ne
952;11,7;-62,3;6,07;1,13;Negativno;Da
953;10,8;-19,0;6,93;3,59;Negativno;Ne
954;5,7;-63,3;7,01;3,69;Negativno;Ne
955;2,0;-70,1;7,16;2,05;Negativno;Ne
956;12,8;-54,6;6,38;5,86;Negativno;Ne
957;10,1;-12,3;6,96;8,535106602371023;Pozitivno;Da
958;6,0;-42,2;7,69;2,59;Negativno;Ne
959;1,0;-34,7;7,42;1,98;Negativno;Ne
960;14,3;-10,4;6,52;5,142292325334508;Pozitivno;Da
961;4,5;-82,1;7,01;2,28;Negativno;Ne
962;2,1;-70,1;7,22;2,47;Pozitivno;Ne
963;0,2;-64,1;7,06;5,2;Negativno;Da
964;14,4;-35,0;7,44;5,02;Negativno;Ne
965;12,7;-38,0;7,7;2,46;Pozitivno;Ne
966;0,8;-38,7;7,19;0,49;Negativno;Ne
967;1,6;-47,2;6,38;5,53;Negativno;Ne
968;14,3;-32,0;6,7;4,24;Negativno;Da
969;14,8;-52,9;6,14;3,96;Negativno;Ne
970;12,5;-32,5;6,9;3,66;Negativno;Ne
971;12,2;-68,5;7,01;5,26;Negativno;Ne
972;12,4;-67,2;7,0;2,2;Negativno;Ne
973;11,6;-25,6;6,87;4,38;Negativno;Ne
974;10,5;-44,4;6,57;1,85;Negativno;Ne
975;3,1;-61,7;6,53;2,46;Negativno;Da
976;3,5;-17,2;5,85;9,30229232533451;Pozitivno;Da
977;9,3;-47,8;7,82;1,34;Negativno;Ne
978;12,1;-65,8;6,67;4,88;Negativno;Ne
979;4,7;-41,2;7,58;5,7;Negativno;Ne
980;12,4;-42,3;7,12;2,55;Negativno;Ne
981;2,3;-46,1;6,58;1,64;Negativno;Ne
982;1,6;-59,8;6,99;3,58;Negativno;Ne
983;3,6;-71,3;6,3;1,55;Negativno;Ne
984;14,4;-78,8;7,09;4,43;Negativno;Ne
985;7,7;-65,4;7,8;0,18;Negativno;Ne
986;2,3;-46,8;7,15;2,68;Negativno;Ne
987;6,6;-55,7;7,01;4,09;Negativno;Ne
988;0,7;-39,6;7,11;1,38;Negativno;Ne
989;14,8;-41,0;7,41;2,64;Pozitivno;Ne
990;4,0;-51,0;6,98;3,52;Negativno;Ne
991;8,4;-55,8;7,06;0,94;Negativno;Ne
992;1,7;-20,6;7,7;3,47;Negativno;Ne
993;11,3;-61,3;6,5;1,45;Negativno;Ne
994;9,5;-55,3;7,18;0,93;Negativno;Ne
995;9,2;-83,1;6,42;3,17;Negativno;Ne
996;6,8;-37,2;7,15;0,61;Negativno;Ne
997;1,6;-28,4;6,5;1,95;Negativno;Ne
998;14,9;-10,8;7,6;4,452292325334509;Pozitivno;Da
999;6,4;-51,6;7,35;4,6;Pozitivno;Ne
1000;12,1;-59,1;7,43;5,7;Negativno;Ne
1001;2,3;-50,1;6,85;2,96;Negativno;Da
1002;12,0;-68,0;7,03;5,31;Negativno;Ne
1003;13,2;-23,6;6,98;2,01;Negativno;Ne
1004;2,5;-61,1;6,79;5,89;Negativno;Ne
1005;1,5;-26,8;6,51;1,13;Negativno;Ne
1006;14,7;-75,9;7,22;5,62;Pozitivno;Ne
1007;1,2;-71,7;6,56;0,58;Negativno;Ne
1008;11,3;-49,8;7,12;2,86;Negativno;Ne
1009;11,8;-51,9;7,34;4,19;Negativno;Ne
1010;5,2;-40,4;7,04;1,18;Negativno;Ne
1011;6,7;-56,3;6,45;0,95;Negativno;Ne
1012;3,6;-10,8;7,08;4,485106602371023;Pozitivno;Da
1013;6,5;-22,8;7,6;2,88;Negativno;Ne
1014;5,6;-41,5;7,11;0,52;Negativno;Ne
1015;11,5;-51,4;6,93;0,12;Negativno;Ne
1016;11,4;-47,4;5,82;3,69;Negativno;Ne
1017;7,7;-76,4;6,57;1,05;Negativno;Ne
1018;6,0;-33,1;6,39;1,39;Negativno;Ne
1019;10,1;-39,6;6,36;4,35;Negativno;Ne
1020;2,7;-38,5;7,52;1,58;Negativno;Ne
1021;6,6;-39,2;7,76;2,16;Negativno;Ne
1022;13,6;-59,3;7,89;4,7;Negativno;Ne
1023;6,0;-64,0;6,72;5,53;Negativno;Ne
1024;11,7;-14,2;6,81;7,002292325334508;Pozitivno;Da
1025;13,5;-38,4;7,59;2,8;Negativno;Ne
1026;11,1;-40,6;6,83;2,83;Negativno;Ne
1027;13,0;-34,4;7,6;5,26;Negativno;Ne
1028;6,9;-43,0;7,3;3,83;Negativno;Ne
1029;11,1;-44,7;6,66;3,12;Negativno;Ne
1030;13,6;-32,9;5,95;0,22;Negativno;Ne
1031;9,1;-42,7;6,98;1,31;Negativno;Ne
1032;13,6;-58,7;7,04;5,18;Pozitivno;Ne
1033;10,2;-28,6;7,89;1,17;Negativno;Ne
1034;8,3;-5,5;7,17;7,425106602371024;Pozitivno;Da
1035;8,8;-62,0;7,66;5,25;Negativno;Ne
1036;13,0;-30,1;7,15;1,18;Negativno;Ne
1037;11,4;-28,4;7,63;5,22;Negativno;Ne
1038;9,9;-58,8;7,28;0,52;Negativno;Ne
1039;5,5;-43,7;6,49;1,41;Negativno;Ne
1040;6,4;-79,5;6,58;1,25;Negativno;Ne
1041;11,2;-51,9;7,45;0,93;Negativno;Ne
1042;13,2;-41,1;6,79;5,91;Negativno;Ne
1043;11,9;-67,8;7,5;5,92;Negativno;Ne
1044;4,2;-51,4;7,02;1,57;Negativno;Ne
1045;8,8;-32,6;5,48;5,59;Negativno;Ne
1046;5,1;-47,4;7,64;2,45;Negativno;Ne
1047;8,0;-35,3;7,18;3,24;Negativno;Ne
1048;2,7;-39,9;7,39;4,36;Negativno;Ne
1049;7,5;-37,3;7,42;2,59;Negativno;Ne
1050;6,8;-60,1;7,16;5,47;Negativno;Ne
1051;14,5;-54,2;7,15;2,53;Negativno;Ne
1052;13,7;-65,7;6,44;3,04;Negativno;Ne
1053;2,0;-56,5;7,26;5,93;Negativno;Ne
1054;8,7;-66,3;6,36;4,42;Negativno;Da
1055;14,1;-23,6;6,49;5,3;Negativno;Ne
1056;0,6;-39,4;7,31;2,78;Negativno;Ne
1057;15,0;-49,3;7,04;4,61;Negativno;Ne
1058;5,8;-61,4;7,06;3,73;Negativno;Ne
1059;6,4;-47,9;6,26;4,28;Negativno;Ne
1060;0,5;-58,8;6,67;4,99;Negativno;Ne
1061;6,7;-53,1;6,81;5,07;Negativno;Da
1062;1,6;-35,6;6,3;4,6;Negativno;Ne
1063;1,2;-56,2;6,42;5,46;Negativno;Ne
1064;0,1;-45,4;6,59;4,3;Negativno;Ne
1065;14,8;-40,0;6,47;3,29;Negativno;Ne
1066;6,4;-51,4;7,07;1,07;Negativno;Ne
1067;2,7;-67,2;7,42;1,4;Negativno;Ne
1068;9,0;-30,8;6,64;3,26;Pozitivno;Ne
1069;7,6;-51,9;5,75;5,36;Negativno;Ne
1070;4,6;-48,0;7,18;4,18;Negativno;Da
1071;0,9;-47,0;7,61;4,43;Negativno;Ne
1072;1,4;-59,6;6,16;4,83;Negativno;Ne
1073;8,8;-42,1;7,02;0,75;Negativno;Ne
1074;2,9;-56,6;6,47;1,53;Negativno;Da
1075;8,7;-47,2;7,54;2,26;Negativno;Ne
1076;14,7;-64,0;7,18;3,57;Negativno;Ne
1077;2,3;-39,9;7,44;4,02;Negativno;Ne
1078;0,8;-68,8;6,23;4,2;Negativno;Ne
1079;3,5;-46,1;6,88;3,49;Pozitivno;Ne
1080;3,2;-64,9;7,25;1,2;Negativno;Ne
1081;2,9;-31,9;6,59;4,96;Negativno;Ne
1082;8,7;-49,1;6,89;2,14;Negativno;Ne
1083;12,6;-62,3;7,23;1,44;Negativno;Ne
1084;0,6;-43,7;7,49;4,83;Negativno;Ne
1085;8,0;-17,9;7,29;6,372292325334508;Pozitivno;Da
1086;8,5;-75,8;6,76;4,87;Negativno;Ne
1087;10,4;-71,1;6,49;2,09;Negativno;Ne
1088;13,7;-53,0;7,32;4,16;Negativno;Ne
1089;8,2;-16,2;5,72;3,81;Negativno;Ne
1090;0,9;-60,5;6,32;2,13;Pozitivno;Ne
1091;8,1;-32,3;6,63;3,24;Negativno;Ne
1092;11,9;-8,3;7,19;3,5230943091646316;Pozitivno;Da
1093;5,9;-15,1;5,96;6,773094309164632;Pozitivno;Da
1094;11,0;-74,2;6,85;1,23;Negativno;Ne
1095;5,0;-40,9;6,82;5,98;Negativno;Ne
1096;6,5;-42,9;7,92;1,14;Negativno;Ne
1097;11,2;-54,2;7,21;5,58;Negativno;Ne
1098;10,7;-55,8;6,9;1,76;Negativno;Ne
1099;14,7;-54,8;7,05;3,89;Negativno;Ne
1100;14,6;-47,8;6,82;0,84;Negativno;Ne
1101;12,8;-40,2;7,83;3,23;Negativno;Ne
1102;3,4;-64,9;7,0;4,59;Negativno;Ne
1103;0,7;-51,8;7,35;5,23;Negativno;Ne
1104;12,7;-59,7;7,35;0,66;Negativno;Ne
1105;2,4;-52,1;7,76;0,85;Negativno;Ne
1106;14,1;-54,9;6,49;5,82;Negativno;Ne
1107;3,0;-36,0;7,16;0,41;Negativno;Ne
1108;3,0;-43,6;6,7;4,84;Negativno;Ne
1109;9,6;-42,0;6,62;1,63;Negativno;Da
1110;14,3;-63,9;7,02;4,0;Negativno;Ne
1111;11,6;-67,2;7,52;0,62;Negativno;Ne
1112;3,4;-46,4;7,66;4,41;Negativno;Ne
1113;8,5;-53,6;6,6;3,42;Negativno;Ne
1114;10,9;-54,1;7,11;0,42;Negativno;Ne
1115;11,9;-37,6;7,13;5,26;Negativno;Ne
1116;8,5;-56,3;6,52;2,51;Negativno;Ne
1117;4,8;-30,1;6,82;1,34;Negativno;Ne
1118;13,1;-39,7;7,18;5,55;Negativno;Ne
1119;13,6;-38,2;7,64;3,3;Negativno;Ne
1120;10,9;-49,3;7,19;0,28;Negativno;Ne
1121;12,2;-48,2;6,98;3,33;Negativno;Ne
1122;2,9;-74,0;6,53;0,98;Negativno;Ne
1123;11,7;-44,5;7,69;4,73;Negativno;Ne
1124;11,9;-43,7;7,53;3,94;Negativno;Ne
1125;2,2;-30,2;7,33;0,83;Negativno;Ne
1126;0,4;-51,4;7,28;3,27;Negativno;Ne
1127;4,6;-63,7;7,43;3,35;Negativno;Da
1128;0,4;-16,1;6,45;0,59;Pozitivno;Ne
1129;5,7;-62,1;6,26;5,94;Pozitivno;Ne
1130;2,6;-46,3;6,36;1,64;Negativno;Ne
1131;1,2;-50,1;6,93;1,31;Negativno;Ne
1132;9,3;-45,8;6,38;0,58;Negativno;Ne
1133;10,5;-44,2;7,26;5,11;Negativno;Ne
1134;4,1;-44,4;7,43;4,76;Negativno;Ne
1135;14,2;-11,2;6,77;3,5530943091646314;Pozitivno;Da
1136;8,2;-46,3;6,85;2,6;Negativno;Ne
1137;5,8;-17,5;7,3;3,75;Negativno;Ne
1138;6,8;-51,5;6,37;1,94;Negativno;Ne
1139;12,6;-52,0;6,11;0,9;Negativno;Ne
1140;5,0;-68,2;6,95;1,37;Negativno;Ne
1141;12,3;-61,4;7,0;1,06;Negativno;Da
1142;1,4;-27,8;6,92;2,65;Negativno;Ne
1143;7,5;-31,9;8,17;3,32;Negativno;Ne
1144;7,6;-40,4;6,79;3,52;Negativno;Ne
1145;13,1;-86,1;7,16;4,76;Negativno;Ne
1146;13,7;-47,9;7,71;0,98;Negativno;Ne
1147;7,8;-39,6;7,53;4,34;Negativno;Ne
1148;8,4;-50,2;6,36;3,34;Negativno;Ne
1149;6,1;-52,7;7,09;2,92;Negativno;Ne
1150;4,5;-39,1;7,06;4,8;Negativno;Ne
1151;10,8;-59,2;6,72;5,05;Negativno;Ne
1152;7,8;-45,7;6,7;0,64;Negativno;Da
1153;11,6;-34,6;6,87;4,88;Negativno;Ne
1154;9,9;-84,7;8,1;0,61;Negativno;Ne
1155;8,8;-38,1;7,06;5,82;Negativno;Ne
1156;0,6;-71,2;7,87;5,64;Negativno;Ne
1157;4,5;-55,9;5,99;1,93;Negativno;Da
1158;8,7;-44,0;7,51;0,62;Negativno;Ne
1159;10,5;-58,8;7,45;3,35;Negativno;Ne
1160;11,7;-59,8;6,79;4,2;Negativno;Ne
1161;14,5;-80,2;7,04;5,36;Negativno;Ne
1162;5,2;-14,1;7,0;7,465106602371023;Pozitivno;Da
1163;4,9;-54,8;6,26;1,38;Pozitivno;Da
1164;2,0;-70,5;6,42;0,52;Negativno;Ne
1165;1,8;-26,2;6,72;1,96;Negativno;Ne
1166;7,2;-31,4;6,47;1,73;Negativno;Ne
1167;13,2;-71,0;7,43;1,29;Negativno;Ne
1168;7,8;150,0;-2,0;0,9;Pozitivno;Ne
1169;13,0;-59,6;8,09;0,53;Negativno;Ne
1170;6,4;-41,6;7,07;2,49;Negativno;Ne
1171;11,4;-52,3;7,11;0,31;Negativno;Ne
1172;10,4;-30,4;7,42;4,46;Negativno;Ne
1173;5,1;-63,8;6,54;1,37;Negativno;Ne
1174;7,4;-67,5;7,3;5,13;Negativno;Ne
1175;6,1;-67,3;7,22;4,37;Negativno;Ne
1176;14,4;-43,5;6,66;0,76;Negativno;Da
1177;0,2;-57,7;7,23;3,15;Negativno;Ne
1178;4,1;-28,0;7,18;4,64;Negativno;Ne
1179;13,5;-37,0;6,54;3,91;Negativno;Ne
1180;5,8;-38,7;7,97;1,1;Negativno;Ne
1181;12,4;-45,3;6,76;0,14;Negativno;Ne
1182;8,3;-58,6;6,43;4,18;Negativno;Ne
1183;0,7;-15,2;6,9;1,2;Negativno;Ne
1184;0,6;-48,4;6,89;3,09;Negativno;Ne
1185;6,5;-48,2;7,37;0,78;Negativno;Ne
1186;10,4;-19,7;6,91;8,762292325334508;Pozitivno;Da
1187;10,0;-82,6;7,72;4,34;Negativno;Ne
1188;2,8;-39,2;7,07;3,08;Negativno;Ne
1189;13,7;-32,9;6,54;0,95;Negativno;Ne
1190;13,4;-25,8;6,05;5,21;Negativno;Ne
1191;3,0;-77,9;6,42;1,6;Negativno;Ne
1192;8,7;-37,4;7,26;3,75;Negativno;Ne
1193;2,4;-56,7;7,35;5,57;Negativno;Ne
1194;6,0;-37,1;6,6;5,77;Negativno;Ne
1195;14,1;-10,1;7,16;4,775106602371023;Pozitivno;Da
1196;10,1;-48,3;7,41;5,66;Negativno;Ne
1197;12,3;-26,7;6,91;3,94;Negativno;Ne
1198;6,8;-66,5;6,59;1,98;Negativno;Ne
1199;6,8;-71,6;7,25;3,36;Negativno;Ne
1200;2,6;-42,1;6,47;1,1;Negativno;Ne
1201;12,2;-49,7;6,42;1,34;Pozitivno;Ne
1202;2,6;-75,4;7,8;5,9;Negativno;Ne
1203;11,7;-65,0;6,83;0,56;Negativno;Ne
1204;3,2;-31,8;6,36;1,5;Negativno;Ne
1205;13,0;-64,3;7,39;5,51;Negativno;Ne
1206;7,5;-21,4;8,34;3,24;Negativno;Ne
1207;10,0;-43,6;7,0;0,55;Negativno;Ne
1208;12,5;-43,8;6,93;5,71;Negativno;Ne
1209;7,6;-54,9;6,78;0,15;Negativno;Ne
1210;2,4;-40,9;8,02;5,98;Negativno;Ne
1211;9,7;-42,4;6,45;4,64;Negativno;Ne
1212;0,7;-46,9;6,25;0,54;Negativno;Ne
1213;8,5;-74,6;7,47;1,37;Negativno;Ne
1214;6,6;-63,7;7,05;5,56;Negativno;Ne
1215;14,3;-38,3;6,2;0,89;Negativno;Ne
1216;8,9;-30,9;5,85;0,74;Negativno;Ne
1217;5,1;-42,1;6,68;3,75;Negativno;Ne
1218;7,0;-44,5;7,13;4,77;Negativno;Ne
1219;13,2;-7,5;6,66;5,982292325334508;Pozitivno;Da
1220;10,4;-28,9;7,23;1,26;Negativno;Ne
1221;2,5;-47,1;7,11;2,77;Negativno;Ne
1222;1,1;-38,8;7,0;1,04;Negativno;Ne
1223;4,3;-30,7;6,54;1,27;Negativno;Ne
1224;6,6;-71,5;6,29;2,37;Negativno;Ne
1225;4,5;-51,1;6,56;1,97;Negativno;Ne
1226;0,6;-64,0;7,17;1,0;Negativno;Ne
1227;1,8;-38,5;7,22;4,4;Pozitivno;Ne
1228;3,1;-38,1;7,36;4,13;Negativno;Ne
1229;6,4;-8,3;6,38;3,86;Negativno;Ne
1230;7,3;-46,7;7,59;2,33;Pozitivno;Ne
1231;9,9;-42,2;6,72;2,4;Negativno;Ne
1232;11,7;-51,8;7,84;1,56;Negativno;Ne
1233;9,3;-51,5;7,14;1,09;Negativno;Ne
1234;3,2;-75,4;6,99;0,66;Negativno;Ne
1235;7,3;-37,2;6,84;1,8;Negativno;Ne
1236;11,1;-44,8;6,79;1,15;Negativno;Ne
1237;1,4;-48,0;7,23;5,11;Pozitivno;Ne
1238;1,9;-61,1;7,3;1,04;Negativno;Ne
1239;8,9;-43,6;7,89;0,53;Negativno;Ne
1240;3,3;-55,9;6,07;1,48;Negativno;Ne
1241;4,0;-4,4;6,88;3,43;Negativno;Ne
1242;9,2;-47,2;7,36;5,9;Negativno;Ne
1243;11,0;-83,1;6,92;2,66;Negativno;Ne
1244;10,5;-64,1;7,08;3,97;Negativno;Ne
1245;1,9;-29,7;7,25;3,12;Negativno;Ne
1246;5,0;-42,3;7,5;5,79;Pozitivno;Ne
1247;10,5;-56,2;6,67;5,82;Negativno;Ne
1248;3,1;-41,9;7,05;0,96;Negativno;Ne
1249;5,2;-51,0;5,94;4,14;Negativno;Ne
1250;2,6;-63,3;7,63;2,44;Negativno;Ne
1251;4,8;-11,2;6,98;8,392292325334509;Pozitivno;Da
1252;1,8;-66,2;6,45;1,01;Negativno;Ne
1253;11,6;-27,5;6,37;2,5;Negativno;Ne
1254;2,4;-15,3;6,51;7,932292325334508;Pozitivno;Da
1255;3,8;-25,9;7,8;2,14;Negativno;Ne
1256;1,0;-55,9;6,91;3,42;Negativno;Ne
1257;9,4;-45,2;6,83;1,39;Negativno;Ne
1258;9,3;-63,6;6,99;1,82;Negativno;Ne
1259;7,5;-55,3;6,67;5,02;Negativno;Ne
1260;13,9;-36,8;7,0;1,35;Negativno;Ne
1261;7,9;-51,1;7,22;2,93;Negativno;Ne
1262;1,8;-37,3;6,69;5,82;Negativno;Ne
1263;10,3;-68,7;7,27;4,59;Negativno;Ne
1264;14,1;-55,3;6,89;2,84;Negativno;Da
1265;2,6;-38,6;6,58;2,24;Negativno;Ne
1266;11,7;-66,1;6,91;2,28;Negativno;Ne
1267;1,9;-49,9;7,08;1,53;Negativno;Ne
1268;5,8;-38,9;8,41;4,29;Negativno;Ne
1269;12,3;-40,7;6,78;4,82;Negativno;Ne
1270;11,9;-65,5;6,89;0,15;Negativno;Ne
1271;14,2;-76,5;7,04;5,49;Negativno;Ne
1272;8,2;-62,5;7,45;0,91;Negativno;Ne
1273;7,5;-68,9;7,36;2,48;Negativno;Da
1274;5,6;-57,5;6,49;4,09;Negativno;Ne
1275;13,4;-73,4;7,11;4,67;Negativno;Ne
1276;0,3;-48,6;7,31;0,69;Negativno;Ne
1277;4,6;-60,7;6,17;2,19;Negativno;Da
1278;5,6;-73,4;6,78;1,14;Negativno;Ne
1279;4,2;-33,4;8,36;0,84;Negativno;Ne
1280;11,2;-52,5;6,91;4,51;Negativno;Ne
1281;13,7;-38,2;7,36;3,71;Pozitivno;Ne
1282;5,5;-59,9;6,43;4,46;Negativno;Ne
1283;13,1;-7,3;5,48;7,253094309164632;Pozitivno;Da
1284;14,3;-86,2;7,77;5,42;Negativno;Ne
1285;6,4;-35,0;7,23;0,6;Negativno;Ne
1286;6,7;-38,5;7,25;4,75;Negativno;Da
1287;1,7;-60,7;7,14;5,07;Negativno;Ne
1288;8,3;-52,1;5,89;1,4;Negativno;Ne
1289;11,8;-37,7;6,8;5,21;Negativno;Ne
1290;13,7;-26,7;8,01;4,08;Negativno;Ne
1291;4,3;-57,7;7,12;5,31;Negativno;Ne
1292;3,9;-35,9;7,8;2,6;Negativno;Ne
1293;4,8;-32,6;7,08;2,16;Negativno;Ne
1294;0,2;-42,4;7,68;1,57;Negativno;Ne
1295;14,9;-76,6;6,63;2,52;Pozitivno;Ne
1296;1,3;-68,8;6,56;3,73;Negativno;Ne
1297;4,3;-57,8;5,85;4,85;Negativno;Ne
1298;13,3;-50,6;7,16;5,94;Negativno;Da
1299;14,2;-41,0;6,77;3,57;Negativno;Ne
1300;6,2;-44,8;6,49;3,12;Negativno;Ne
1301;0,9;-7,8;7,33;9,912292325334509;Pozitivno;Da
1302;0,8;-47,5;7,36;5,56;Negativno;Ne
1303;2,4;-58,0;6,94;0,77;Negativno;Ne
1304;14,0;-39,3;7,7;2,24;Negativno;Ne
1305;2,4;-55,5;6,37;1,56;Negativno;Ne
1306;12,7;-32,7;6,16;5,53;Negativno;Ne
1307;2,6;-51,1;7,49;0,49;Negativno;Ne
1308;0,5;-41,9;6,94;2,57;Negativno;Ne
1309;9,5;-73,7;6,49;0,6;Negativno;Ne
1310;0,4;-46,4;6,98;0,68;Negativno;Ne
1311;8,5;-53,0;7,2;3,11;Pozitivno;Ne
1312;0,9;-18,0;7,29;4,72;Negativno;Ne
1313;8,6;-35,1;7,89;1,98;Negativno;Ne
1314;0,3;-37,3;7,12;0,33;Negativno;Ne
1315;0,9;-55,6;6,79;5,79;Negativno;Ne
1316;3,6;-18,6;6,39;0,8;Negativno;Ne
1317;4,4;-61,9;6,14;1,26;Negativno;Ne
1318;11,6;-36,3;7,32;4,68;Negativno;Ne
1319;1,8;-7,9;8,05;6,335106602371023;Pozitivno;Da
1320;13,2;-26,5;6,92;3,85;Negativno;Ne
1321;4,6;-59,4;7,96;2,8;Negativno;Ne
1322;12,3;-53,4;6,14;0,3;Negativno;Ne
1323;10,5;-21,3;6,98;5,49;Negativno;Ne
1324;8,5;-56,3;7,1;0,16;Negativno;Ne
1325;7,3;-45,4;6,79;2,36;Pozitivno;Ne
1326;3,6;-56,9;6,79;4,13;Negativno;Da
1327;3,1;-57,0;6,68;0,57;Negativno;Ne
1328;9,1;-34,7;6,81;0,18;Negativno;Ne
1329;6,8;-74,9;6,96;1,05;Negativno;Ne
1330;0,4;-44,2;7,04;3,03;Negativno;Ne
1331;8,0;-56,8;6,62;4,79;Negativno;Ne
1332;1,8;-27,3;6,72;0,34;Negativno;Ne
1333;0,9;-36,4;6,82;5,12;Negativno;Ne
1334;5,2;-43,2;7,1;1,75;Negativno;Ne
1335;12,4;-48,2;7,41;3,49;Negativno;Ne
1336;7,3;-68,0;7,72;5,85;Negativno;Ne
1337;11,8;-51,3;7,24;5,75;Negativno;Ne
1338;12,2;-26,7;7,13;1,9;Negativno;Ne
1339;13,1;-16,9;7,24;3,19;Negativno;Ne
1340;8,5;-41,0;7,14;2,84;Negativno;Ne
1341;3,1;-33,7;6,94;3,05;Negativno;Ne
1342;13,9;-50,6;7,48;2,66;Negativno;Ne
1343;6,1;-75,9;7,04;2,0;Negativno;Da
1344;3,9;-57,1;7,11;4,01;Negativno;Ne
1345;9,0;2,8;7,84;5,15;Negativno;Da
1346;7,5;-60,3;6,7;0,17;Negativno;Ne
1347;14,0;-37,6;7,18;2,51;Negativno;Ne
1348;12,0;-29,4;6,89;2,45;Negativno;Ne
1349;11,4;-39,9;7,39;5,43;Pozitivno;Ne
1350;1,4;-15,3;6,46;8,815106602371024;Pozitivno;Da
1351;5,7;-27,9;6,25;1,91;Negativno;Ne
1352;3,8;-48,6;7,55;2,72;Negativno;Ne
1353;14,8;-69,6;7,83;0,37;Negativno;Ne
1354;5,7;-55,0;6,31;0,84;Negativno;Ne
1355;2,8;-66,0;6,75;5,48;Negativno;Ne
1356;10,9;-55,4;7,56;2,62;Negativno;Ne
1357;0,4;-57,4;7,84;2,9;Negativno;Ne
1358;11,1;-26,3;7,18;2,17;Negativno;Ne
1359;13,5;-58,2;6,46;4,18;Negativno;Ne
1360;4,0;-54,1;7,35;4,32;Negativno;Ne
1361;4,0;-31,5;6,88;1,18;Negativno;Ne
1362;9,9;-55,4;7,44;2,91;Pozitivno;Ne
1363;11,7;-47,9;7,22;2,05;Negativno;Ne
1364;13,8;-13,8;6,17;7,572292325334509;Pozitivno;Da
1365;1,1;-11,7;6,97;8,733094309164631;Pozitivno;Da
1366;9,2;-53,8;6,64;4,16;Pozitivno;Ne
1367;9,7;-53,0;7,2;1,32;Negativno;Ne
1368;3,3;-66,2;6,97;4,82;Negativno;Ne
1369;2,9;-93,7;6,54;1,15;Negativno;Ne
1370;4,9;-55,7;7,37;1,14;Negativno;Ne
1371;3,0;-6,5;6,75;8,985106602371022;Pozitivno;Da
1372;1,4;-33,0;6,82;3,74;Negativno;Ne
1373;12,6;-43,0;7,38;3,89;Negativno;Ne
1374;3,3;-45,3;6,6;3,22;Negativno;Ne
1375;12,3;-53,5;7,11;0,44;Negativno;Ne
1376;8,9;-71,7;6,67;4,09;Negativno;Ne
1377;10,7;-38,3;6,79;4,46;Negativno;Ne
1378;6,7;-46,4;7,52;1,94;Pozitivno;Ne
1379;6,8;-46,6;7,33;4,65;Negativno;Ne
1380;12,8;-55,1;7,24;5,57;Negativno;Ne
1381;3,1;-66,6;6,92;4,89;Negativno;Ne
1382;3,2;-51,9;7,47;2,91;Negativno;Ne
1383;9,1;-55,2;6,31;0,76;Negativno;Ne
1384;9,5;-47,3;7,28;5,69;Negativno;Ne
1385;10,9;-39,4;7,64;5,42;Negativno;Ne
1386;2,7;-54,1;7,39;1,65;Pozitivno;Ne
1387;12,5;-48,7;7,34;3,65;Negativno;Da
1388;7,1;-51,3;7,65;0,68;Negativno;Ne
1389;2,7;-25,7;6,99;2,18;Negativno;Ne
1390;0,2;-66,1;7,23;2,05;Negativno;Ne
1391;14,0;-50,9;7,04;0,75;Negativno;Ne
1392;14,5;-53,9;7,63;3,3;Negativno;Ne
1393;9,7;-62,2;7,39;4,64;Pozitivno;Ne
1394;14,0;-57,8;6,78;1,46;Negativno;Ne
1395;13,9;-43,9;6,89;5,82;Negativno;Ne
1396;4,7;-25,4;7,48;1,56;Negativno;Ne
1397;10,5;-52,2;6,26;4,74;Negativno;Ne
1398;4,8;-43,7;8,3;1,65;Negativno;Ne
1399;13,3;-83,7;6,16;5,3;Negativno;Ne
1400;5,4;-50,1;7,66;3,6;Negativno;Ne
1401;4,6;-73,7;6,49;2,26;Negativno;Ne
1402;9,9;-59,1;7,18;1,16;Negativno;Ne
1403;13,3;-37,7;6,94;4,61;Negativno;Ne
1404;1,6;-43,8;6,8;3,87;Pozitivno;Ne
1405;1,0;-31,6;7,12;3,01;Negativno;Ne
1406;14,5;-59,3;7,07;1,6;Negativno;Ne
1407;12,9;-40,4;6,86;4,73;Negativno;Ne
1408;4,9;-60,8;6,78;2,04;Negativno;Ne
1409;1,7;-33,1;6,53;3,27;Negativno;Ne
1410;9,7;-30,9;7,04;0,78;Negativno;Ne
1411;4,6;-41,8;6,77;1,83;Pozitivno;Ne
1412;2,6;-49,0;7,22;2,04;Negativno;Ne
1413;10,2;-56,5;7,7;4,8;Negativno;Ne
1414;8,2;-30,8;6,7;3,22;Negativno;Ne
1415;10,4;-50,4;6,36;5,63;Negativno;Ne
1416;10,0;-40,3;7,06;2,07;Negativno;Da
1417;5,3;-46,1;7,57;1,65;Negativno;Ne
1418;4,2;-30,1;6,47;1,06;Negativno;Ne
1419;10,8;-48,8;6,5;1,02;Negativno;Ne
1420;5,1;-71,9;6,19;5,53;Negativno;Ne
1421;3,4;-57,5;6,99;0,24;Negativno;Ne
1422;12,7;-42,2;7,42;3,96;Negativno;Ne
1423;15,0;-55,9;6,64;3,3;Negativno;Ne
1424;14,4;-59,1;7,73;1,03;Negativno;Ne
1425;0,5;-45,1;7,35;1,45;Negativno;Ne
1426;0,5;-50,4;6,81;0,35;Negativno;Ne
1427;12,6;-45,6;7,3;2,3;Negativno;Ne
1428;12,8;-15,5;7,0;5,3;Negativno;Ne
1429;7,8;-53,6;6,91;1,63;Negativno;Ne
1430;2,9;-64,1;7,12;3,12;Negativno;Ne
1431;4,9;-47,2;6,78;0,93;Negativno;Ne
1432;0,7;-77,6;7,32;2,62;Negativno;Ne
1433;12,8;-31,1;6,53;0,5;Negativno;Ne
1434;3,2;-36,3;7,28;4,89;Pozitivno;Ne
1435;4,8;-50,8;7,52;1,75;Negativno;Ne
1436;11,4;-47,3;6,08;0,53;Negativno;Ne
1437;6,4;-42,6;6,69;4,67;Negativno;Da
1438;7,8;-22,3;8,31;1,25;Negativno;Ne
1439;12,6;-55,7;6,55;4,98;Negativno;Ne
1440;0,7;-28,2;7,0;5,56;Negativno;Ne
1441;14,0;-66,5;7,48;5,02;Negativno;Ne
1442;4,7;-53,8;6,84;4,41;Negativno;Ne
1443;6,7;-59,9;7,28;4,42;Negativno;Ne
1444;8,0;-65,2;5,98;2,97;Negativno;Ne
1445;13,1;-32,3;7,4;1,16;Negativno;Ne
1446;3,1;-55,6;6,84;3,62;Negativno;Ne
1447;7,4;-64,9;7,32;3,84;Negativno;Ne
1448;14,1;-49,3;6,91;1,95;Negativno;Ne
1449;0,7;-79,0;6,87;1,53;Negativno;Ne
1450;7,0;-44,4;6,61;4,04;Negativno;Da
1451;8,7;-44,6;6,93;2,66;Negativno;Ne
1452;6,3;-70,3;7,01;2,79;Negativno;Ne
1453;11,6;-36,8;6,61;5,0;Negativno;Da
1454;1,7;-56,4;7,86;1,81;Negativno;Ne
1455;4,5;-34,9;6,51;2,37;Negativno;Ne
1456;7,0;-59,9;7,2;5,26;Negativno;Ne
1457;2,1;-33,7;5,96;1,41;Negativno;Ne
1458;12,6;-64,2;8,34;3,64;Negativno;Ne
1459;8,3;-31,0;7,16;4,18;Pozitivno;Ne
1460;7,8;-36,9;7,3;0,28;Negativno;Ne
1461;11,7;-56,0;6,74;5,94;Negativno;Ne
1462;5,0;-48,3;6,09;2,24;Negativno;Ne
1463;9,7;-54,9;7,34;4,22;Negativno;Ne
1464;7,0;-58,2;7,31;5,04;Negativno;Da
1465;3,4;150,0;-2,0;2,52;Pozitivno;Ne
1466;10,9;-52,2;6,66;4,96;Negativno;Ne
1467;2,2;-54,4;8,14;0,18;Negativno;Ne
1468;4,2;-69,9;6,48;2,65;Negativno;Ne
1469;5,5;-52,4;6,88;1,64;Negativno;Ne
1470;7,2;-37,9;7,08;5,92;Negativno;Ne
1471;6,2;-54,3;6,06;4,31;Negativno;Ne
1472;10,9;-57,3;6,68;4,16;Negativno;Ne
1473;2,9;-51,4;6,28;4,08;Negativno;Ne
1474;1,1;-82,9;7,93;0,16;Negativno;Ne
1475;9,0;-46,1;6,54;1,25;Negativno;Ne
1476;9,2;-54,0;7,14;3,8;Pozitivno;Da
1477;4,2;-82,7;7,23;1,58;Pozitivno;Ne
1478;6,0;-34,1;6,44;0,34;Negativno;Ne
1479;12,5;-40,2;6,26;4,11;Negativno;Ne
1480;7,6;-43,9;6,59;5,97;Negativno;Ne
1481;12,4;-41,4;7,11;0,49;Pozitivno;Ne
1482;2,6;-50,7;6,22;3,33;Negativno;Da
1483;11,3;-35,3;7,64;2,29;Negativno;Ne
1484;9,8;-34,1;7,2;2,08;Negativno;Ne
1485;3,3;-37,7;7,42;0,28;Pozitivno;Ne
1486;2,6;-50,0;6,9;3,76;Negativno;Ne
1487;0,7;-37,0;6,89;1,39;Negativno;Ne
1488;9,2;-39,2;6,78;3,55;Negativno;Ne
1489;0,3;-44,9;7,02;2,07;Negativno;Ne
1490;5,3;-41,7;7,17;1,85;Negativno;Ne
1491;14,1;-72,5;6,9;4,55;Negativno;Ne
1492;4,7;-30,8;7,48;5,37;Negativno;Ne
1493;8,5;-40,3;6,79;4,12;Negativno;Ne
1494;3,8;-50,9;7,09;3,51;Negativno;Da
1495;14,9;-44,0;7,25;2,99;Negativno;Ne
1496;2,5;-82,5;6,54;1,58;Negativno;Ne
1497;9,9;-34,2;7,31;3,91;Negativno;Ne
1498;7,9;-49,1;6,43;1,62;Negativno;Ne
1499;14,0;-47,4;7,28;2,26;Negativno;Ne
1500;5,5;-36,1;7,36;2,27;Negativno;Ne
1501;9,3;-70,3;7,29;2,79;Negativno;Ne
1502;11,9;-18,0;7,1;0,68;Pozitivno;Ne
1503;9,6;-46,8;6,92;3,91;Negativno;Ne
1504;3,1;-36,8;6,96;5,43;Negativno;Ne
1505;3,8;-31,6;7,1;1,47;Negativno;Ne
1506;5,4;-15,9;6,81;1,16;Negativno;Ne
1507;10,8;-52,6;7,36;1,22;Negativno;Ne
1508;4,6;-46,4;6,96;1,49;Negativno;Da
1509;1,8;-66,3;7,65;2,77;Negativno;Ne
1510;12,6;-30,8;7,27;4,56;Negativno;Ne
1511;0,3;-49,5;7,16;1,58;Negativno;Ne
1512;14,7;-49,8;7,06;3,08;Negativno;Ne
1513;5,1;-62,5;6,8;0,74;Negativno;Ne
1514;7,6;-33,1;7,43;1,82;Pozitivno;Ne
1515;10,5;-45,3;7,01;2,45;Negativno;Ne
1516;3,8;-51,1;6,43;5,49;Negativno;Ne
1517;7,5;-55,8;7,12;5,01;Pozitivno;Ne
1518;4,4;-53,5;7,36;5,1;Negativno;Ne
1519;5,5;-10,9;7,12;5,48;Negativno;Ne
1520;6,2;-52,9;7,22;3,2;Pozitivno;Ne
1521;1,8;-55,2;6,07;5,15;Negativno;Ne
1522;12,3;-45,7;6,76;0,6;Negativno;Ne
1523;6,7;-33,4;6,8;3,49;Negativno;Ne
1524;13,1;-46,1;7,12;4,29;Pozitivno;Ne
1525;9,3;-36,1;7,14;3,22;Negativno;Ne
1526;14,1;-51,9;7,45;5,64;Negativno;Ne
1527;4,5;-52,3;6,85;0,92;Negativno;Ne
1528;1,3;-50,7;7,51;4,99;Negativno;Ne
1529;13,6;-43,1;7,04;4,0;Negativno;Ne
1530;12,5;-29,9;6,66;5,69;Negativno;Ne
1531;0,7;-48,5;7,22;4,06;Negativno;Ne
1532;9,6;-18,7;6,94;4,26;Negativno;Ne
1533;7,3;-45,5;6,82;5,8;Negativno;Ne
1534;3,5;-54,0;7,41;2,81;Negativno;Ne
1535;6,9;-79,5;7,86;4,31;Negativno;Ne
1536;10,5;-64,7;7,7;5,42;Negativno;Ne
1537;3,6;-38,1;6,84;5,38;Negativno;Ne
1538;10,7;-68,2;6,91;0,64;Negativno;Da
1539;14,5;-53,1;7,0;5,53;Negativno;Ne
1540;6,4;-56,3;7,44;0,27;Negativno;Ne
1541;10,5;-51,3;6,93;3,19;Negativno;Ne
1542;13,4;-56,2;6,52;1,02;Negativno;Ne
1543;5,0;-32,2;6,58;2,61;Negativno;Ne
1544;9,2;-50,9;7,13;3,07;Negativno;Ne
1545;1,8;-46,4;7,1;0,93;Pozitivno;Da
1546;10,5;-82,2;6,99;3,8;Negativno;Ne
1547;8,2;-51,7;7,79;5,83;Negativno;Da
1548;5,6;-15,2;7,05;7,062292325334509;Pozitivno;Da
1549;14,9;-67,1;6,54;1,17;Negativno;Ne
1550;13,1;-38,7;6,34;4,0;Negativno;Ne
1551;1,3;-7,5;7,27;4,28;Negativno;Ne
1552;9,7;-37,1;7,86;4,6;Negativno;Ne
1553;11,0;-65,4;6,94;5,56;Negativno;Ne
1554;0,8;-74,2;6,71;1,49;Negativno;Ne
1555;14,5;-32,0;6,63;1,19;Pozitivno;Ne
1556;7,5;-54,8;7,19;1,94;Negativno;Ne
1557;11,2;-37,2;7,14;4,13;Negativno;Ne
1558;9,4;-49,2;7,24;2,53;Negativno;Ne
1559;4,8;-51,6;8,18;2,84;Negativno;Ne
1560;13,8;-52,8;7,86;1,45;Negativno;Ne
1561;11,7;-42,8;7,1;1,56;Negativno;Ne
1562;6,4;-57,1;6,85;5,89;Negativno;Ne
1563;3,1;-69,0;7,02;5,02;Negativno;Ne
1564;0,9;-25,8;6,74;2,78;Negativno;Ne
1565;7,4;-13,6;7,17;8,432292325334508;Pozitivno;Da
1566;4,5;-60,6;7,92;4,56;Negativno;Ne
1567;11,9;-47,2;6,29;4,19;Negativno;Ne
1568;9,3;-44,5;7,44;0,46;Negativno;Ne
1569;8,5;-10,1;6,23;5,645106602371023;Pozitivno;Da
1570;5,5;-50,7;6,21;5,65;Negativno;Ne
1571;10,4;-33,6;7,38;2,26;Negativno;Ne
1572;13,1;-56,1;7,18;2,9;Negativno;Da
1573;12,5;-65,9;7,84;5,03;Negativno;Ne
1574;14,1;-45,6;6,88;1,59;Negativno;Ne
1575;6,0;-46,2;6,32;2,71;Negativno;Ne
1576;8,3;-53,1;7,15;3,63;Pozitivno;Ne
1577;14,2;-75,3;6,54;5,97;Negativno;Ne
1578;0,4;-49,4;6,38;4,6;Negativno;Ne
1579;1,7;-41,7;6,81;5,05;Pozitivno;Ne
1580;13,1;-46,7;7,13;3,12;Negativno;Ne
1581;2,7;-5,2;6,81;6,115106602371023;Pozitivno;Da
1582;2,3;-57,9;5,91;0,45;Negativno;Ne
1583;5,9;-78,5;6,8;2,58;Negativno;Ne
1584;3,5;-59,9;5,96;3,58;Negativno;Ne
1585;11,3;-52,9;7,52;5,94;Pozitivno;Ne
1586;13,3;-43,5;7,12;1,82;Negativno;Ne
1587;2,6;-45,7;7,03;4,09;Negativno;Ne
1588;13,3;-50,5;7,66;3,27;Negativno;Da
1589;7,7;-40,1;5,45;1,58;Negativno;Ne
1590;1,1;-68,0;7,37;1,56;Negativno;Ne
1591;9,9;-74,0;6,69;4,33;Negativno;Ne
1592;4,0;-31,0;7,14;3,37;Negativno;Ne
1593;4,8;-63,3;7,8;5,04;Negativno;Ne
1594;7,9;-46,2;6,93;5,82;Negativno;Ne
1595;14,4;-80,2;7,47;3,08;Negativno;Ne
1596;9,7;-75,8;7,16;3,15;Negativno;Ne
1597;12,8;-59,0;7,3;1,02;Pozitivno;Ne
1598;14,0;-66,2;6,8;0,43;Negativno;Ne
1599;7,4;-41,5;6,24;4,98;Negativno;Ne
1600;6,1;-29,1;6,79;2,32;Negativno;Ne
1601;8,0;-51,2;6,54;3,96;Negativno;Ne
1602;3,0;-58,6;7,03;2,71;Negativno;Ne
1603;1,1;-27,5;6,41;4,71;Negativno;Ne
1604;1,2;-37,6;7,14;2,92;Negativno;Ne
1605;2,3;-60,4;7,69;3,27;Negativno;Da
1606;12,1;-11,4;8,38;5,73;Negativno;Ne
1607;8,0;-60,2;7,46;4,19;Negativno;Ne
1608;1,5;-46,8;7,24;3,59;Negativno;Ne
1609;13,3;-48,7;5,98;0,8;Negativno;Ne
1610;9,7;-32,7;7,84;4,48;Negativno;Ne
1611;13,8;-18,8;7,32;6,573094309164631;Pozitivno;Da
1612;9,6;-53,3;7,34;2,92;Negativno;Ne
1613;11,4;-54,4;6,79;1,15;Negativno;Ne
1614;5,8;-76,1;7,45;1,69;Negativno;Ne
1615;8,3;-43,0;7,14;4,79;Negativno;Ne
1616;13,5;-47,8;6,53;3,42;Negativno;Ne
1617;10,7;-54,5;7,26;0,56;Negativno;Ne
1618;10,2;-47,8;6,76;1,56;Negativno;Ne
1619;8,9;-37,8;6,63;0,91;Negativno;Ne
1620;5,9;-73,1;7,63;2,23;Negativno;Ne
1621;5,6;-74,7;7,37;4,83;Negativno;Ne
1622;14,6;-44,7;6,76;2,07;Negativno;Ne
1623;10,2;-79,3;6,47;1,06;Pozitivno;Ne
1624;7,2;-46,6;6,82;5,95;Negativno;Ne
1625;10,8;-15,9;7,49;6,585106602371023;Pozitivno;Da
1626;12,8;-44,2;6,63;0,76;Negativno;Ne
1627;7,4;-44,3;6,88;5,11;Negativno;Ne
1628;6,3;-34,9;7,69;0,82;Negativno;Ne
1629;9,6;-63,9;6,7;2,58;Negativno;Ne
1630;5,2;-48,1;7,53;5,34;Negativno;Ne
1631;3,7;-56,6;7,69;5,46;Negativno;Ne
1632;8,1;-39,0;6,46;2,24;Negativno;Ne
1633;2,4;-48,8;6,46;2,94;Negativno;Ne
1634;2,3;-54,0;5,71;2,8;Negativno;Ne
1635;6,0;-49,3;6,78;2,49;Negativno;Ne
1636;13,3;-35,0;6,62;1,31;Negativno;Ne
1637;3,5;-62,7;7,02;3,15;Negativno;Ne
1638;0,2;-48,4;7,24;2,73;Pozitivno;Da
1639;3,9;-72,6;5,48;5,87;Negativno;Ne
1640;6,7;-61,4;5,63;5,49;Negativno;Ne
1641;8,8;-47,0;8,02;2,58;Negativno;Da
1642;14,9;-67,2;7,66;5,33;Negativno;Da
1643;0,2;-50,4;7,22;1,18;Negativno;Ne
1644;11,4;-43,1;6,44;1,04;Pozitivno;Ne
1645;5,1;-50,7;7,6;2,86;Negativno;Ne
1646;11,3;-74,0;6,74;0,42;Negativno;Ne
1647;11,1;-48,4;6,95;4,47;Pozitivno;Ne
1648;7,6;-60,2;6,76;0,26;Negativno;Ne
1649;8,9;-72,6;6,78;5,5;Negativno;Ne
1650;2,7;-51,8;6,63;4,85;Negativno;Ne
1651;10,4;-55,0;5,78;1,07;Negativno;Ne
1652;2,2;-56,1;5,98;4,03;Negativno;Ne
1653;11,5;-41,2;6,65;0,53;Negativno;Ne
1654;5,3;-75,3;7,0;5,86;Negativno;Ne
1655;8,2;-42,4;7,11;0,33;Negativno;Ne
1656;11,5;-54,6;6,69;4,84;Negativno;Ne
1657;10,1;-57,6;6,52;3,15;Negativno;Ne
1658;5,7;-44,5;6,02;4,01;Negativno;Da
1659;5,7;-43,1;7,54;4,95;Negativno;Ne
1660;0,8;-50,7;6,76;2,08;Negativno;Ne
1661;2,7;-27,4;7,41;4,26;Negativno;Ne
1662;13,3;-26,0;6,55;1,56;Negativno;Ne
1663;12,5;-62,9;6,91;3,31;Negativno;Ne
1664;4,4;-51,5;6,73;2,67;Negativno;Ne
1665;7,4;-53,7;6,65;1,9;Negativno;Da
1666;7,1;-45,3;7,48;5,3;Negativno;Ne
1667;13,6;-53,3;6,96;1,56;Negativno;Ne
1668;8,8;-35,7;6,96;0,68;Negativno;Ne
1669;9,6;-55,3;6,56;0,46;Negativno;Ne
1670;3,6;-30,0;6,59;3,0;Negativno;Da
1671;9,3;-66,3;7,18;5,21;Negativno;Ne
1672;0,5;-54,1;7,55;4,46;Negativno;Ne
1673;1,4;-80,3;7,0;2,36;Negativno;Ne
1674;8,5;-16,7;6,83;4,74;Negativno;Ne
1675;9,4;-56,1;6,61;2,5;Negativno;Ne
1676;7,9;-53,2;8,12;2,4;Negativno;Ne
1677;6,2;-28,0;6,8;5,81;Negativno;Ne
1678;0,2;-40,5;7,37;4,4;Negativno;Ne
1679;7,1;-54,7;7,6;1,26;Negativno;Ne
1680;8,6;-39,7;7,38;2,13;Negativno;Ne
1681;12,0;-59,5;7,02;2,53;Pozitivno;Ne
1682;12,9;-84,0;6,56;4,59;Negativno;Ne
1683;0,8;-17,0;7,01;6,9237747594893815;Pozitivno;Da
1684;5,1;-81,1;6,9;2,14;Negativno;Ne
1685;13,4;-41,0;6,23;0,49;Negativno;Ne
1686;0,7;-43,0;6,16;2,01;Negativno;Ne
1687;10,9;-47,8;7,36;2,52;Negativno;Ne
1688;9,3;-63,7;7,64;1,43;Negativno;Ne
1689;1,3;-38,3;6,31;0,22;Negativno;Ne
1690;0,5;-41,0;6,31;1,67;Negativno;Ne
1691;6,9;-57,0;6,87;0,48;Negativno;Ne
1692;6,0;-42,8;7,04;1,62;Negativno;Ne
1693;14,4;-6,9;6,98;9,013094309164632;Pozitivno;Da
1694;9,4;-18,2;6,82;0,71;Negativno;Ne
1695;12,1;-35,1;7,44;4,16;Pozitivno;Ne
1696;2,7;-68,6;6,95;2,97;Negativno;Ne
1697;9,9;-16,4;6,74;2,93;Negativno;Ne
1698;6,1;-49,3;7,05;1,02;Pozitivno;Ne
1699;8,9;-53,5;6,91;3,62;Negativno;Ne
1700;6,6;-51,2;7,19;1,87;Negativno;Ne
1701;10,1;-12,1;7,61;5,78;Negativno;Ne
1702;10,7;-83,6;7,37;2,2;Negativno;Ne
1703;5,2;-32,8;6,14;0,72;Negativno;Ne
1704;0,8;-46,2;7,74;5,51;Negativno;Ne
1705;13,7;-15,7;6,3;2,81;Negativno;Ne
1706;8,4;-74,0;7,19;1,36;Negativno;Ne
1707;8,9;-64,7;7,75;2,48;Pozitivno;Ne
1708;7,3;-51,2;6,6;1,58;Negativno;Ne
1709;4,9;-34,4;6,48;2,81;Negativno;Ne
1710;12,7;-22,7;5,75;2,02;Negativno;Ne
1711;5,2;-65,1;7,22;3,41;Negativno;Ne
1712;6,5;-73,6;6,38;3,69;Negativno;Ne
1713;7,1;-52,0;6,28;3,42;Negativno;Ne
1714;10,9;-15,7;7,53;6,985106602371022;Pozitivno;Da
1715;3,2;-48,4;6,96;1,91;Negativno;Ne
1716;8,1;-49,3;7,01;4,91;Negativno;Ne
1717;5,0;-68,5;7,48;4,0;Negativno;Ne
1718;5,7;-46,8;6,92;0,98;Negativno;Ne
1719;3,4;-18,5;7,48;3,92;Negativno;Ne
1720;0,6;-52,8;7,16;0,85;Negativno;Ne
1721;8,0;-18,0;5,95;8,272292325334508;Pozitivno;Da
1722;14,2;-51,4;6,69;3,62;Negativno;Ne
1723;9,9;-72,8;6,7;5,35;Negativno;Ne
1724;10,4;-67,0;6,62;0,7;Negativno;Ne
1725;11,3;-58,2;6,12;5,25;Negativno;Ne
1726;3,2;-33,8;7,22;1,05;Negativno;Ne
1727;11,1;-48,5;7,09;3,45;Negativno;Da
1728;5,4;-75,0;7,01;0,93;Negativno;Ne
1729;5,3;-69,4;6,85;5,88;Negativno;Ne
1730;5,5;-35,8;6,66;2,02;Negativno;Da
1731;7,2;-57,6;6,42;1,17;Negativno;Ne
1732;14,4;-38,6;6,94;4,69;Negativno;Ne
1733;10,1;-33,8;6,59;1,33;Negativno;Ne
1734;10,7;-50,6;7,17;3,47;Negativno;Ne
1735;10,6;-69,2;6,4;3,76;Negativno;Ne
1736;12,3;-56,1;7,39;3,95;Negativno;Ne
1737;2,2;-66,7;7,02;4,09;Negativno;Ne
1738;2,1;-69,8;7,45;3,21;Negativno;Ne
1739;1,5;-34,7;6,31;3,91;Negativno;Ne
1740;12,2;-64,9;6,68;0,6;Negativno;Ne
1741;8,5;-57,2;6,84;2,68;Negativno;Ne
1742;10,8;-46,2;6,98;2,13;Negativno;Ne
1743;9,7;-36,3;6,94;2,03;Negativno;Ne
1744;11,8;-39,1;6,89;5,13;Negativno;Ne
1745;9,7;-46,9;8,18;0,76;Negativno;Ne
1746;6,6;-47,8;6,31;3,97;Negativno;Ne
1747;8,5;-42,9;7,86;4,36;Pozitivno;Ne
1748;5,5;-40,9;7,19;5,34;Negativno;Ne
1749;11,3;-51,1;7,4;3,38;Negativno;Ne
1750;10,1;-19,0;7,18;6,6851066023710235;Pozitivno;Da
1751;8,0;-62,0;6,37;3,15;Negativno;Ne
1752;3,9;-39,1;6,08;3,62;Negativno;Ne
1753;9,6;-45,2;7,13;3,69;Negativno;Ne
1754;8,0;-61,0;7,38;0,31;Negativno;Ne
1755;3,1;-87,7;7,96;1,43;Negativno;Ne
1756;12,9;-49,6;7,33;2,45;Negativno;Ne
1757;10,2;-24,5;6,46;4,48;Negativno;Ne
1758;14,7;-43,9;6,96;1,61;Negativno;Ne
1759;2,0;-13,7;6,91;6,295106602371023;Pozitivno;Da
1760;9,6;-68,5;7,9;3,76;Negativno;Ne
1761;5,9;-5,2;7,24;0,94;Negativno;Ne
1762;2,5;-58,8;7,33;5,99;Pozitivno;Ne
1763;8,3;-86,2;7,19;4,09;Negativno;Ne
1764;8,1;-51,8;7,29;5,97;Pozitivno;Ne
1765;4,4;-29,0;6,85;2,27;Pozitivno;Ne
1766;2,9;-66,4;6,79;0,45;Negativno;Ne
1767;2,1;-41,8;7,53;5,34;Negativno;Ne
1768;5,0;-64,5;6,63;1,94;Negativno;Ne
1769;13,1;-33,4;7,18;0,58;Negativno;Ne
1770;7,8;-56,3;7,46;4,3;Negativno;Ne
1771;12,5;-28,1;7,32;1,17;Negativno;Ne
1772;2,9;-45,7;6,37;4,67;Negativno;Ne
1773;9,2;-65,3;7,09;4,69;Negativno;Ne
1774;0,3;-61,2;7,03;4,34;Negativno;Ne
1775;12,6;-64,0;7,59;1,35;Negativno;Ne
1776;1,9;-37,4;7,19;5,74;Negativno;Ne
1777;12,8;-63,4;6,2;0,33;Negativno;Ne
1778;8,3;-30,0;6,5;1,21;Negativno;Ne
1779;9,8;-28,3;6,98;1,11;Negativno;Ne
1780;0,3;-52,0;7,26;2,8;Pozitivno;Ne
1781;10,4;-41,7;7,09;5,2;Pozitivno;Ne
1782;13,2;-45,5;6,44;4,52;Negativno;Ne
1783;4,9;-73,8;6,82;4,81;Negativno;Ne
1784;1,1;-48,8;6,23;3,11;Negativno;Ne
1785;13,6;-43,2;6,97;3,66;Pozitivno;Ne
1786;1,0;-72,2;7,64;0,34;Pozitivno;Ne
1787;10,8;-48,0;6,75;3,13;Pozitivno;Ne
1788;1,4;-36,2;7,66;0,82;Negativno;Ne
1789;3,8;-59,0;7,79;0,44;Negativno;Da
1790;6,5;-53,6;6,7;1,15;Negativno;Ne
1791;0,6;-59,3;7,88;1,42;Negativno;Ne
1792;12,5;-64,2;7,93;1,39;Negativno;Da
1793;14,9;-38,0;5,75;2,96;Negativno;Ne
1794;6,8;-37,1;7,67;3,03;Negativno;Ne
1795;0,9;-40,3;7,78;5,38;Negativno;Ne
1796;13,7;-56,9;7,54;1,56;Negativno;Ne
1797;2,4;-48,5;7,25;4,58;Negativno;Ne
1798;0,6;-72,0;6,56;1,81;Negativno;Ne
1799;5,8;-39,6;7,16;0,71;Pozitivno;Ne
1800;5,9;-62,8;7,22;4,63;Negativno;Da
1801;13,8;-8,6;7,07;5,892292325334508;Pozitivno;Da
1802;6,3;-52,7;6,66;4,94;Negativno;Ne
1803;12,2;-71,5;6,63;5,39;Negativno;Da
1804;10,7;-54,6;8,11;3,7;Negativno;Ne
1805;11,5;-16,7;7,08;2,95;Negativno;Ne
1806;11,8;-59,9;6,73;5,69;Pozitivno;Da
1807;7,9;-55,8;6,72;5,44;Negativno;Ne
1808;12,5;-38,7;6,58;1,35;Negativno;Ne
1809;10,0;-45,8;6,81;2,19;Negativno;Ne
1810;13,5;-40,7;7,37;5,63;Negativno;Ne
1811;9,4;-41,0;6,38;2,55;Pozitivno;Ne
1812;14,3;-42,8;6,93;1,52;Negativno;Ne
1813;12,5;-52,2;7,92;0,85;Negativno;Ne
1814;2,7;-53,3;6,57;3,75;Negativno;Ne
1815;7,1;-18,5;6,86;5,145106602371023;Pozitivno;Da
1816;2,1;-26,7;6,89;3,0;Negativno;Ne
1817;9,7;-55,5;7,41;2,21;Negativno;Ne
1818;10,3;-52,1;7,49;0,18;Negativno;Ne
1819;14,8;-29,2;7,41;1,71;Negativno;Ne
1820;4,8;-58,0;6,46;0,25;Negativno;Ne
1821;0,3;-29,4;7,38;0,29;Negativno;Ne
1822;0,3;-14,7;7,62;7,615106602371023;Pozitivno;Da
1823;2,4;-57,0;6,81;0,43;Negativno;Ne
1824;14,2;-10,2;6,86;7,192292325334508;Pozitivno;Da
1825;1,0;-51,6;6,89;0,13;Negativno;Ne
1826;1,1;-30,2;6,39;0,73;Negativno;Ne
1827;13,2;-58,6;6,52;0,64;Negativno;Ne
1828;9,7;-36,9;6,38;2,19;Negativno;Ne
1829;13,7;-38,7;6,98;2,26;Negativno;Ne
1830;13,1;-53,3;6,84;1,6;Negativno;Ne
1831;11,2;-77,2;6,23;1,95;Negativno;Ne
1832;10,3;-49,3;7,65;4,25;Negativno;Ne
1833;3,2;-40,4;6,96;3,42;Negativno;Ne
1834;11,5;-58,3;7,6;1,27;Negativno;Ne
1835;1,4;-76,0;7,5;1,48;Negativno;Ne
1836;12,0;-36,7;7,11;4,12;Negativno;Ne
1837;13,8;-33,3;6,62;3,29;Negativno;Ne
1838;6,7;-44,6;6,83;0,6;Negativno;Ne
1839;2,3;-28,1;7,12;0,3;Negativno;Ne
1840;8,4;-40,1;7,24;4,87;Negativno;Ne
1841;7,2;-21,5;6,57;1,91;Negativno;Ne
1842;14,9;-43,2;7,86;0,37;Negativno;Ne
1843;3,2;-40,0;6,43;2,79;Negativno;Da
1844;9,0;-49,1;6,4;0,98;Negativno;Ne
1845;9,1;-30,3;7,85;5,6;Negativno;Ne
1846;10,6;-39,2;7,3;4,02;Negativno;Ne
1847;12,0;-6,3;7,01;9,512292325334508;Pozitivno;Da
1848;5,5;-41,8;6,66;0,32;Negativno;Ne
1849;11,3;-51,3;7,24;2,02;Pozitivno;Ne
1850;4,6;-19,3;6,49;2,31;Negativno;Ne
1851;9,6;-70,6;6,63;4,65;Negativno;Ne
1852;13,3;-66,6;7,21;0,56;Negativno;Ne
1853;2,2;-73,5;7,26;5,84;Negativno;Ne
1854;5,9;150,0;-2,0;1,75;Pozitivno;Ne
1855;14,5;-18,5;7,3;3,89;Negativno;Ne
1856;7,6;-40,1;5,9;4,84;Negativno;Ne
1857;9,0;-59,7;7,28;2,62;Negativno;Ne
1858;14,4;-65,4;6,69;5,55;Negativno;Ne
1859;14,3;-59,5;7,5;0,39;Negativno;Ne
1860;8,0;-50,7;7,43;1,8;Negativno;Ne
1861;5,0;-21,0;7,06;0,47;Negativno;Ne
1862;11,4;-48,7;7,2;1,01;Negativno;Ne
1863;14,1;-25,1;6,31;2,91;Negativno;Ne
1864;11,7;-43,6;7,02;3,76;Negativno;Ne
1865;5,5;-38,4;7,29;0,64;Pozitivno;Ne
1866;9,3;-67,4;6,99;4,81;Negativno;Ne
1867;2,2;-42,0;7,03;1,01;Negativno;Ne
1868;14,8;-12,8;7,37;2,63;Negativno;Ne
1869;2,8;-56,2;6,66;3,28;Negativno;Ne
1870;9,9;-53,0;7,54;0,36;Negativno;Ne
1871;5,4;-38,9;7,37;0,31;Negativno;Ne
1872;10,2;-41,3;6,14;3,46;Negativno;Ne
1873;10,1;-33,0;7,37;0,39;Negativno;Ne
1874;3,0;-62,5;7,35;1,45;Negativno;Ne
1875;10,1;-39,1;6,43;4,59;Negativno;Ne
1876;1,2;-57,8;7,32;1,01;Negativno;Ne
1877;12,3;-26,2;6,1;5,54;Negativno;Ne
1878;7,0;-45,6;7,53;3,51;Pozitivno;Ne
1879;2,9;-42,8;7,31;2,16;Negativno;Ne
1880;3,2;-48,4;7,24;4,55;Negativno;Da
1881;8,8;-22,8;7,69;5,46;Negativno;Ne
1882;6,0;-36,4;6,31;0,33;Negativno;Ne
1883;9,3;-57,5;5,94;5,55;Negativno;Ne
1884;1,3;-62,3;6,7;2,05;Negativno;Ne
1885;7,6;-40,2;8,08;0,7;Negativno;Ne
1886;12,5;-31,0;6,26;5,87;Negativno;Ne
1887;10,1;-54,2;7,09;0,12;Negativno;Ne
1888;1,4;-43,6;7,03;5,44;Negativno;Ne
1889;3,5;-40,0;7,08;0,27;Negativno;Ne
1890;1,3;-56,5;7,2;2,19;Negativno;Ne
1891;2,1;-25,0;7,52;2,7;Negativno;Ne
1892;13,0;-73,0;7,35;4,39;Negativno;Ne
1893;8,4;-61,0;6,21;1,62;Negativno;Ne
1894;3,7;-35,8;7,69;5,54;Pozitivno;Ne
1895;6,6;-82,2;7,09;2,71;Negativno;Ne
1896;8,8;-40,5;6,78;2,1;Negativno;Ne
1897;11,3;-63,9;7,41;5,29;Negativno;Ne
1898;5,6;-67,5;6,87;1,16;Negativno;Ne
1899;6,8;-69,4;7,35;2,65;Negativno;Ne
1900;8,2;-94,1;7,63;4,61;Negativno;Ne
1901;1,1;-46,7;6,55;4,3;Negativno;Da
1902;3,3;-52,5;6,7;3,75;Negativno;Ne
1903;1,3;-33,7;6,41;1,84;Negativno;Ne
1904;11,7;-47,2;7,36;2,74;Negativno;Ne
1905;11,4;-49,5;7,19;4,99;Negativno;Ne
1906;6,1;-57,0;6,57;4,34;Negativno;Ne
1907;11,1;-10,3;7,85;5,96;Negativno;Ne
1908;6,2;-17,4;6,94;7,785106602371023;Pozitivno;Da
1909;10,3;-58,4;7,25;5,38;Negativno;Ne
1910;14,1;-51,0;6,99;4,28;Negativno;Ne
1911;14,0;-36,8;6,79;4,24;Negativno;Ne
1912;1,1;-44,4;7,43;3,21;Negativno;Da
1913;12,1;-56,8;6,04;0,76;Negativno;Ne
1914;3,1;-55,4;6,79;0,12;Negativno;Ne
1915;11,6;-77,7;7,74;3,43;Negativno;Ne
1916;7,8;-74,5;7,12;3,79;Negativno;Ne
1917;9,3;-44,7;7,93;1,65;Negativno;Ne
1918;12,9;-55,6;7,21;3,53;Negativno;Ne
1919;12,4;-49,9;7,62;1,0;Negativno;Ne
1920;11,7;-65,7;7,77;3,37;Pozitivno;Ne
1921;5,9;-51,4;7,1;5,67;Negativno;Ne
1922;3,5;-42,3;6,93;0,7;Negativno;Ne
1923;9,6;-59,4;6,32;4,4;Pozitivno;Ne
1924;6,0;-58,1;5,73;5,91;Negativno;Ne
1925;3,7;-47,1;7,16;3,68;Negativno;Ne
1926;10,7;-34,1;7,34;1,77;Negativno;Ne
1927;0,4;-61,9;6,27;5,21;Negativno;Ne
1928;7,6;-65,5;6,75;1,38;Negativno;Ne
1929;6,9;-46,9;6,71;0,78;Negativno;Ne
1930;10,5;-37,8;6,2;5,74;Negativno;Ne
1931;12,3;-52,4;6,96;2,87;Negativno;Ne
1932;8,7;-40,3;7,61;1,12;Negativno;Ne
1933;5,4;-59,0;6,91;1,61;Pozitivno;Ne
1934;9,6;-38,9;7,18;5,44;Negativno;Da
1935;2,5;-45,9;7,03;1,75;Negativno;Ne
1936;0,6;-37,3;6,87;0,5;Negativno;Ne
1937;2,5;-59,6;6,89;1,84;Negativno;Ne
1938;10,2;-80,1;6,78;3,51;Negativno;Ne
1939;12,7;-40,3;7,49;4,23;Negativno;Ne
1940;3,9;-49,1;7,76;0,36;Negativno;Ne
1941;6,8;-48,2;7,93;4,72;Negativno;Ne
1942;11,0;-22,0;7,09;2,69;Negativno;Ne
1943;6,4;-63,1;7,74;3,13;Negativno;Ne
1944;9,1;-59,6;6,96;1,49;Negativno;Ne
1945;7,0;-37,1;8,18;5,0;Negativno;Ne
1946;10,5;-51,1;7,75;4,58;Negativno;Da
1947;12,6;-72,6;7,04;5,06;Negativno;Ne
1948;4,4;-33,5;7,2;5,11;Negativno;Ne
1949;14,1;-63,6;7,07;5,97;Negativno;Ne
1950;11,7;-41,5;6,67;5,05;Negativno;Ne
1951;7,5;-48,3;6,73;1,66;Negativno;Ne
1952;13,0;-66,2;7,07;0,59;Negativno;Ne
1953;3,8;-52,1;7,24;2,91;Negativno;Ne
1954;6,3;-31,4;7,33;3,59;Negativno;Ne
1955;8,0;-40,2;7,54;3,79;Negativno;Ne
1956;7,1;-17,1;6,65;6,695106602371023;Pozitivno;Da
1957;10,6;-44,1;7,1;5,36;Negativno;Ne
1958;1,7;-38,3;6,97;1,22;Negativno;Ne
1959;12,4;-55,1;7,06;3,26;Negativno;Ne
1960;7,4;-44,9;7,27;0,63;Negativno;Ne
1961;7,4;-72,5;6,57;5,22;Negativno;Ne
1962;0,9;-47,1;7,29;0,61;Negativno;Ne
1963;4,8;-49,6;6,06;3,19;Pozitivno;Ne
1964;7,5;-14,9;7,55;7,695106602371023;Pozitivno;Da
1965;4,8;-35,9;7,05;2,27;Negativno;Ne
1966;3,9;-47,9;6,47;3,86;Negativno;Da
1967;11,3;-34,6;6,79;2,41;Negativno;Da
1968;3,1;-31,8;7,34;4,55;Negativno;Ne
1969;12,6;-8,7;7,36;3,59;Negativno;Ne
1970;10,4;-66,7;7,41;5,49;Negativno;Ne
1971;2,6;-57,3;7,2;5,27;Negativno;Ne
1972;7,7;-71,9;7,14;3,19;Pozitivno;Ne
1973;7,9;-42,6;7,22;0,35;Negativno;Ne
1974;2,5;-45,1;6,02;1,68;Negativno;Ne
1975;5,6;-48,7;7,06;1,7;Negativno;Ne
1976;12,9;-33,5;6,95;2,44;Negativno;Ne
1977;8,7;-58,3;7,43;3,16;Negativno;Ne
1978;7,6;-58,5;7,29;2,51;Negativno;Ne
1979;3,2;-47,9;6,86;5,34;Negativno;Ne
1980;7,9;-17,5;7,39;5,73;Negativno;Ne
1981;3,9;-46,5;6,52;1,65;Negativno;Ne
1982;6,4;-69,3;7,26;2,16;Pozitivno;Ne
1983;1,7;-67,6;6,73;4,41;Pozitivno;Ne
1984;14,1;-64,7;7,41;4,92;Negativno;Ne
1985;5,1;-52,4;6,63;2,37;Negativno;Ne
1986;6,2;-69,9;7,45;3,27;Negativno;Ne
1987;11,0;-42,0;6,38;0,69;Negativno;Ne
1988;0,5;-43,5;7,57;4,1;Negativno;Ne
1989;10,4;-66,2;6,85;2,86;Negativno;Ne
1990;3,2;-33,5;6,77;5,7;Negativno;Ne
1991;6,4;-50,4;7,04;3,79;Negativno;Ne
1992;14,4;-62,0;7,16;5,34;Negativno;Ne
1993;14,4;-59,7;6,58;5,58;Negativno;Ne
1994;10,3;-20,0;7,13;5,45;Negativno;Ne
1995;14,7;-42,1;7,03;5,14;Negativno;Ne
1996;1,3;-79,7;6,71;4,91;Negativno;Ne
1997;9,4;-32,9;7,6;4,71;Negativno;Ne
1998;3,3;-54,7;7,86;3,07;Negativno;Ne
1999;14,0;-74,0;6,98;2,14;Negativno;Ne
2000;6,6;-41,1;6,9;1,95;Negativno;Ne
