ID_Uzorka;GPS_LAT;GPS_LONG
1;18,483093;77,380037
2;18,47797;77,396696
3;18,47554;77,381583
4;18,467661;77,402523
5;18,481985;77,393582
6;18,4786;77,385936
7;18,475232;77,39179
8;18,467542;77,381759
9;18,493442;77,38203
10;18,466173;77,407779
11;18,491013;77,399992
12;18,469715;77,381489
13;18,4892;77,381387
14;18,469548;77,411754
15;18,4886;77,395398
16;18,487805;77,397866
17;18,464567;77,403056
18;18,475965;77,389021
19;18,49227;77,40571
20;18,481442;77,400352
21;18,484779;77,387971
22;18,468671;77,387163
23;18,480512;77,384304
24;18,483947;77,390526
25;18,481535;77,395215
26;18,487552;77,383487
27;18,493821;77,371258
28;18,476443;77,388172
29;18,488482;77,399949
30;18,489286;77,394598
31;18,479196;77,396391
32;18,475784;77,390485
33;18,478678;77,395689
34;18,477953;77,391083
35;18,480633;77,38234
36;18,479337;77,390542
37;18,487;77,402755
38;18,49686;77,379275
39;18,468792;77,370827
40;18,480383;77,396737
41;18,470695;77,380556
42;18,470331;77,408379
43;18,478576;77,397851
44;18,470872;77,386861
45;18,460131;77,377719
46;18,490906;77,386235
47;18,463224;77,380617
48;18,468233;77,386289
49;18,47887;77,390161
50;18,497065;77,403937
51;18,482224;77,376208
52;18,473855;77,379388
53;18,473305;77,397468
54;18,484638;77,39405
55;18,478796;77,389999
56;18,497285;77,389881
57;18,475702;77,383292
58;18,458951;77,393298
59;18,489142;77,381862
60;18,467015;77,393136
61;18,480438;77,402393
62;18,47169;77,407548
63;18,486732;77,401872
64;18,485374;77,395598
65;18,471755;77,395123
66;18,456539;77,406094
67;18,478873;77,365756
68;18,475221;77,401052
69;18,495105;77,401263
70;18,484577;77,408298
71;18,484375;77,379014
72;18,466931;77,370449
73;18,480551;77,388941
74;18,472086;77,389581
75;18,486109;77,385266
76;18,504818;77,390045
77;18,483349;77,394664
78;18,497385;77,388639
79;18,472166;77,39529
80;18,496924;77,373004
81;18,485613;77,380767
82;18,490641;77,382947
83;18,490165;77,396284
84;18,474449;77,405878
85;18,483942;77,370317
86;18,482236;77,401659
87;18,475476;77,395504
88;18,498158;77,382524
89;18,481133;77,396286
90;18,477349;77,406283
91;18,491219;77,396174
92;18,475104;77,391784
93;18,484038;77,404961
94;18,464258;77,372004
95;18,477992;77,375272
96;18,471896;77,386938
97;18,480961;77,386249
98;18,475066;77,385622
99;18,483245;77,385872
100;18,472876;77,397316
101;18,461475;77,409412
102;18,493026;77,380459
103;18,470686;77,393234
104;18,483019;77,378977
105;18,466525;77,390216
106;18,470015;77,393346
107;18,480877;77,393344
108;18,492143;77,385172
109;18,474277;77,393074
110;18,48943;77,391516
111;18,471184;77,396859
112;18,465815;77,389123
113;18,476888;77,387141
114;18,482824;77,384766
115;18,468009;77,370767
116;18,455033;77,39
117;18,48737;77,400098
118;18,490264;77,395472
119;18,463647;77,390007
120;18,479685;77,37125
121;18,482506;77,386862
122;18,491098;77,394408
123;18,483485;77,399908
124;18,485768;77,388104
125;18,474679;77,39379
126;18,491186;77,387121
127;18,476029;77,382302
128;18,471201;77,399113
129;18,48372;77,383305
130;18,493478;77,386873
131;18,467983;77,394809
132;18,480059;77,377461
133;18,484536;77,379886
134;18,488342;77,397682
135;18,481912;77,395174
136;18,476578;77,388582
137;18,471342;77,391406
138;18,495766;77,370013
139;18,477811;77,394179
140;18,482628;77,394764
141;18,4613;77,389264
142;18,491802;77,374218
143;18,473943;77,386331
144;18,463084;77,388022
145;18,474879;77,39681
146;18,477607;77,381768
147;18,488853;77,38447
148;18,464271;77,40392
149;18,492387;77,380379
150;18,473168;77,385566
151;18,488096;77,390127
152;18,467413;77,377392
153;18,479961;77,3929
154;18,494527;77,393842
155;18,499582;77,384144
156;18,473456;77,404708
157;18,483137;77,391779
158;18,499381;77,412711
159;18,467847;77,398243
160;18,480729;77,402271
161;18,474428;77,38678
162;18,469336;77,396274
163;18,495909;77,376477
164;18,482319;77,392943
165;18,468045;77,399322
166;18,462459;77,388911
167;18,478598;77,386641
168;18,489164;77,391074
169;18,488165;77,378968
170;18,46818;77,38586
171;18,499708;77,390946
172;18,478877;77,398567
173;18,480494;77,375253
174;18,462379;77,396845
175;18,483139;77,394433
176;18,483782;77,407617
177;18,494591;77,387557
178;18,472632;77,385533
179;18,478786;77,390716
180;18,489295;77,397538
181;18,473132;77,39112
182;18,483966;77,399883
183;18,488264;77,379875
184;18,493013;77,404396
185;18,486254;77,378488
186;18,48187;77,406667
187;18,483356;77,386991
188;18,490259;77,394549
189;18,491501;77,394675
190;18,472806;77,390772
191;18,490339;77,395221
192;18,460001;77,411912
193;18,50151;77,402043
194;18,476012;77,391108
195;18,489722;77,408508
196;18,472617;77,379991
197;18,472501;77,394933
198;18,473158;77,392951
199;18,463659;77,384592
200;18,490479;77,412934
201;18,473803;77,391043
202;18,478399;77,38754
203;18,498799;77,399809
204;18,470247;77,400336
205;18,467968;77,385568
206;18,460439;77,386367
207;18,488491;77,405253
208;18,466266;77,39953
209;18,471477;77,408928
210;18,488351;77,381472
211;18,491484;77,388314
212;18,498353;77,396576
213;18,485736;77,383927
214;18,489876;77,385292
215;18,467842;77,39879
216;18,483744;77,38622
217;18,485338;77,37471
218;18,478879;77,386738
219;18,472965;77,393046
220;18,494103;77,388975
221;18,487188;77,392186
222;18,47222;77,398816
223;18,467691;77,387506
224;18,459671;77,391636
225;18,477727;77,390518
226;18,474723;77,387533
227;18,483812;77,39335
228;18,477271;77,404364
229;18,479371;77,383267
230;18,483432;77,410024
231;18,488829;77,369694
232;18,476291;77,394362
233;18,47675;77,397941
234;18,488038;77,383412
235;18,467055;77,398201
236;18,503722;77,378496
237;18,485017;77,395857
238;18,47062;77,385401
239;18,47807;77,385215
240;18,477302;77,375942
241;18,478832;77,398487
242;18,489262;77,394166
243;18,474331;77,384046
244;18,497398;77,398552
245;18,487895;77,405301
246;18,485473;77,392369
247;18,481458;77,389547
248;18,471129;77,387612
249;18,486631;77,389842
250;18,495287;77,385157
251;18,486583;77,399575
252;18,476338;77,385652
253;18,483898;77,386252
254;18,48092;77,37269
255;18,471981;77,403105
256;18,490705;77,385373
257;18,457628;77,391577
258;18,464553;77,389667
259;18,49391;77,391927
260;18,479919;77,383538
261;18,480228;77,395347
262;18,483966;77,40649
263;18,468364;77,381466
264;18,488862;77,389343
265;18,480529;77,399037
266;18,467301;77,393224
267;18,488667;77,398405
268;18,485129;77,373115
269;18,472102;77,405183
270;18,468199;77,399327
271;18,481291;77,396586
272;18,473614;77,377533
273;18,483742;77,393362
274;18,4843;77,387533
275;18,486918;77,393738
276;18,479104;77,387735
277;18,491956;77,380744
278;18,484706;77,376957
279;18,467043;77,390813
280;18,489181;77,38424
281;18,474984;77,39403
282;18,469906;77,385356
283;18,457096;77,399112
284;18,472229;77,378732
285;18,474628;77,38697
286;18,468829;77,392647
287;18,471098;77,396033
288;18,486197;77,380826
289;18,474171;77,378131
290;18,465829;77,390465
291;18,493062;77,380402
292;18,481436;77,391787
293;18,494699;77,403467
294;18,475777;77,399804
295;18,483731;77,402091
296;18,479694;77,394277
297;18,468354;77,395972
298;18,488542;77,397006
299;18,486277;77,403051
300;18,494281;77,397212
301;18,486526;77,376483
302;18,469453;77,388049
303;18,479401;77,400992
304;18,474189;77,397327
305;18,478199;77,394555
306;18,48142;77,376181
307;18,484253;77,408013
308;18,503828;77,378374
309;18,474437;77,379573
310;18,478825;77,399715
311;18,511267;77,395906
312;18,470075;77,38132
313;18,476136;77,390749
314;18,486747;77,389344
315;18,481557;77,397956
316;18,47048;77,396075
317;18,490773;77,383797
318;18,478944;77,394023
319;18,488672;77,387085
320;18,472873;77,393268
321;18,483763;77,386958
322;18,478851;77,384308
323;18,495206;77,390036
324;18,480925;77,391108
325;18,482227;77,392897
326;18,46536;77,391266
327;18,487379;77,3839
328;18,481436;77,377786
329;18,496183;77,376631
330;18,470864;77,404373
331;18,47687;77,386954
332;18,486541;77,365799
333;18,482717;77,383946
334;18,487098;77,391412
335;18,484413;77,380505
336;18,486259;77,390765
337;18,498269;77,397645
338;18,483006;77,392337
339;18,477564;77,402427
340;18,501612;77,386755
341;18,487185;77,388416
342;18,474457;77,395935
343;18,490246;77,374696
344;18,466691;77,375713
345;18,480376;77,382964
346;18,480908;77,398964
347;18,477298;77,385412
348;18,465498;77,3803
349;18,481704;77,388756
350;18,499527;77,389851
351;18,491433;77,391338
352;18,487629;77,394461
353;18,486429;77,379885
354;18,475881;77,390909
355;18,475072;77,413858
356;18,472577;77,381603
357;18,484937;77,386994
358;18,488108;77,398703
359;18,483909;77,384791
360;18,493642;77,402116
361;18,475292;77,397213
362;18,479532;77,391838
363;18,4815;77,413399
364;18,494244;77,376994
365;18,475518;77,386454
366;18,472385;77,390137
367;18,481455;77,398186
368;18,484264;77,395333
369;18,492092;77,398081
370;18,491471;77,382298
371;18,481178;77,396212
372;18,485037;77,395329
373;18,478707;77,370486
374;18,497575;77,382918
375;18,481122;77,391879
376;18,479407;77,393062
377;18,467079;77,378663
378;18,49118;77,38689
379;18,474553;77,39723
380;18,487678;77,385531
381;18,474948;77,385456
382;18,485292;77,392651
383;18,476277;77,385387
384;18,475946;77,389404
385;18,472526;77,39166
386;18,485526;77,378401
387;18,486454;77,393003
388;18,488661;77,406714
389;18,477524;77,410741
390;18,489967;77,399864
391;18,470407;77,401073
392;18,484223;77,40462
393;18,487551;77,402747
394;18,479767;77,385188
395;18,479393;77,369998
396;18,479457;77,392663
397;18,49966;77,395253
398;18,482686;77,395569
399;18,492278;77,368741
400;18,507413;77,382361
401;18,487361;77,40436
402;18,488441;77,38972
403;18,475906;77,386977
404;18,476986;77,399595
405;18,459561;77,39116
406;18,471098;77,399076
407;18,471263;77,384432
408;18,475732;77,387652
409;18,477648;77,381256
410;18,470338;77,408095
411;18,46934;77,393317
412;18,470297;77,391672
413;18,454913;77,387538
414;18,477564;77,392718
415;18,483993;77,388008
416;18,486434;77,382095
417;18,47714;77,385519
418;18,485571;77,397588
419;18,46476;77,381388
420;18,484198;77,39607
421;18,479585;77,369456
422;18,468658;77,393361
423;18,478719;77,398135
424;18,488561;77,390773
425;18,487072;77,398514
426;18,470168;77,391665
427;18,494583;77,385739
428;18,485234;77,390321
429;18,48134;77,399561
430;18,486063;77,392575
431;18,474383;77,371351
432;18,500933;77,392186
433;18,486276;77,402792
434;18,492466;77,393416
435;18,478914;77,383479
436;18,497504;77,39167
437;18,477981;77,390625
438;18,488165;77,38417
439;18,490297;77,389426
440;18,470912;77,386151
441;18,481774;77,3827
442;18,465601;77,386734
443;18,480913;77,389531
444;18,49056;77,388231
445;18,478308;77,3925
446;18,476044;77,396315
447;18,476555;77,406023
448;18,488152;77,398484
449;18,4828;77,391118
450;18,473831;77,388808
451;18,486779;77,396805
452;18,481896;77,390975
453;18,488185;77,392563
454;18,491206;77,380118
455;18,482702;77,388344
456;18,481279;77,390693
457;18,487724;77,393966
458;18,47258;77,400143
459;18,470301;77,403978
460;18,478892;77,361656
461;18,484038;77,397124
462;18,47868;77,370283
463;18,476925;77,382133
464;18,482789;77,384693
465;18,496209;77,388948
466;18,464289;77,395075
467;18,465934;77,395948
468;18,492795;77,384943
469;18,491261;77,398937
470;18,461371;77,400039
471;18,475766;77,393944
472;18,469899;77,380391
473;18,492403;77,38309
474;18,469466;77,385025
475;18,474655;77,39371
476;18,498031;77,383678
477;18,483666;77,375674
478;18,471228;77,386981
479;18,493307;77,401968
480;18,483132;77,378615
481;18,479514;77,390038
482;18,483194;77,394121
483;18,465905;77,37932
484;18,513355;77,37375
485;18,484716;77,388006
486;18,469494;77,396981
487;18,473607;77,387348
488;18,483734;77,387424
489;18,48161;77,381586
490;18,471312;77,388036
491;18,477136;77,40862
492;18,477779;77,392072
493;18,472071;77,391354
494;18,471712;77,394245
495;18,483676;77,395473
496;18,488852;77,399136
497;18,479816;77,37737
498;18,485838;77,382602
499;18,463878;77,383071
500;18,511773;77,376933
501;18,49864;77,39385
502;18,478428;77,39567
503;18,479412;77,384878
504;18,48399;77,397047
505;18,47264;77,380302
506;18,489999;77,393426
507;18,489237;77,393536
508;18,480604;77,387788
509;18,490954;77,392051
510;18,480839;77,376431
511;18,485314;77,379855
512;18,466979;77,392554
513;18,464771;77,379585
514;18,474744;77,389
515;18,482306;77,3872
516;18,47872;77,400366
517;18,479227;77,419237
518;18,465828;77,399161
519;18,480862;77,384311
520;18,471749;77,394415
521;18,478723;77,385607
522;18,48707;77,398405
523;18,485258;77,408917
524;18,486736;77,378029
525;18,482417;77,387855
526;18,476595;77,388287
527;18,484459;77,399857
528;18,482949;77,405421
529;18,483329;77,374735
530;18,493839;77,385403
531;18,488107;77,379164
532;18,487496;77,400108
533;18,483933;77,38769
534;18,472503;77,388165
535;18,481873;77,389428
536;18,485838;77,381714
537;18,47636;77,398144
538;18,498739;77,393318
539;18,486049;77,379105
540;18,468161;77,389792
541;18,480426;77,40403
542;18,478589;77,391479
543;18,483995;77,388355
544;18,482678;77,387164
545;18,476075;77,365808
546;18,467573;77,389026
547;18,473189;77,396105
548;18,492407;77,385057
549;18,461309;77,412225
550;18,479358;77,394331
551;18,480941;77,396035
552;18,473647;77,387957
553;18,479195;77,40734
554;18,470684;77,372599
555;18,474221;77,391308
556;18,487456;77,388048
557;18,467837;77,379332
558;18,481954;77,405392
559;18,474044;77,414155
560;18,47959;77,384731
561;18,492001;77,377369
562;18,474299;77,414705
563;18,499022;77,39363
564;18,475702;77,377862
565;18,493198;77,390339
566;18,478286;77,398916
567;18,467155;77,398364
568;18,474588;77,402231
569;18,465145;77,381162
570;18,488513;77,383693
571;18,479411;77,407345
572;18,486268;77,392509
573;18,490839;77,387675
574;18,482513;77,395556
575;18,484795;77,389217
576;18,461699;77,393256
577;18,488416;77,398444
578;18,484334;77,398041
579;18,478063;77,388868
580;18,478374;77,384359
581;18,487875;77,397458
582;18,478506;77,394392
583;18,496962;77,396653
584;18,483657;77,386236
585;18,481941;77,400853
586;18,473607;77,383447
587;18,480484;77,389068
588;18,504277;77,384115
589;18,486395;77,389159
590;18,486289;77,414704
591;18,472991;77,402255
592;18,472834;77,379143
593;18,471562;77,385744
594;18,475713;77,397605
595;18,481601;77,386676
596;18,480302;77,39329
597;18,474048;77,394155
598;18,485759;77,391843
599;18,475024;77,388668
600;18,485648;77,368274
601;18,486324;77,38652
602;18,479579;77,398044
603;18,481237;77,396503
604;18,474948;77,388766
605;18,469824;77,400049
606;18,462939;77,403192
607;18,482075;77,388436
608;18,477403;77,371824
609;18,487639;77,39716
610;18,485217;77,373609
611;18,487615;77,405039
612;18,483932;77,398621
613;18,49367;77,388173
614;18,474746;77,409086
615;18,486246;77,372524
616;18,485944;77,380443
617;18,487495;77,381787
618;18,465012;77,404178
619;18,464568;77,405876
620;18,489557;77,382928
621;18,478265;77,377886
622;18,469166;77,415545
623;18,486094;77,404277
624;18,487879;77,406375
625;18,487573;77,407909
626;18,497074;77,395458
627;18,493048;77,388693
628;18,46345;77,395052
629;18,487411;77,384844
630;18,468903;77,381392
631;18,47772;77,386906
632;18,448032;77,398936
633;18,486414;77,391805
634;18,48312;77,403391
635;18,475024;77,398356
636;18,492201;77,394676
637;18,490883;77,407754
638;18,487146;77,383076
639;18,48782;77,383761
640;18,506603;77,386483
641;18,48603;77,390414
642;18,467723;77,387243
643;18,495816;77,397966
644;18,470255;77,371965
645;18,473229;77,378845
646;18,479266;77,388059
647;18,471385;77,384223
648;18,47526;77,359756
649;18,47339;77,384096
650;18,490108;77,401708
651;18,484563;77,403116
652;18,487618;77,40385
653;18,474546;77,387751
654;18,465933;77,402162
655;18,504955;77,40071
656;18,476419;77,391591
657;18,490593;77,374669
658;18,466423;77,380221
659;18,492117;77,373297
660;18,496615;77,402652
661;18,476353;77,403128
662;18,463634;77,401894
663;18,488106;77,386323
664;18,477124;77,385017
665;18,487163;77,395688
666;18,463452;77,397745
667;18,47635;77,391988
668;18,462962;77,398731
669;18,481483;77,399665
670;18,471859;77,406944
671;18,48086;77,38434
672;18,481509;77,398926
673;18,483434;77,385961
674;18,480788;77,405273
675;18,492518;77,391998
676;18,478278;77,387011
677;18,47982;77,376662
678;18,495419;77,401939
679;18,479781;77,382419
680;18,500547;77,388974
681;18,47328;77,379626
682;18,479435;77,400111
683;18,475056;77,403709
684;18,491873;77,386976
685;18,463536;77,399886
686;18,488769;77,38722
687;18,489708;77,399351
688;18,49452;77,409312
689;18,495244;77,384711
690;18,491365;77,391256
691;18,485066;77,393489
692;18,491727;77,391546
693;18,487272;77,390941
694;18,469277;77,387109
695;18,498302;77,379601
696;18,476074;77,392366
697;18,46928;77,387111
698;18,463817;77,385023
699;18,491251;77,377849
700;18,474923;77,408656
701;18,481085;77,413515
702;18,474023;77,393892
703;18,486686;77,38965
704;18,462429;77,40047
705;18,477341;77,383465
706;18,490406;77,388394
707;18,486972;77,408883
708;18,466075;77,397295
709;18,472653;77,394398
710;18,485907;77,395296
711;18,47985;77,377059
712;18,499786;77,393954
713;18,477779;77,389165
714;18,471993;77,394706
715;18,481521;77,397362
716;18,496292;77,382704
717;18,488202;77,374347
718;18,473997;77,401164
719;18,48381;77,39822
720;18,482262;77,373935
721;18,486989;77,377445
722;18,491641;77,36669
723;18,477575;77,415244
724;18,470253;77,409789
725;18,45984;77,392416
726;18,479965;77,382898
727;18,484857;77,396044
728;18,476297;77,384491
729;18,469959;77,379288
730;18,502963;77,383776
731;18,476763;77,379796
732;18,476581;77,392928
733;18,49191;77,392033
734;18,475955;77,394535
735;18,471149;77,389861
736;18,468553;77,37758
737;18,472005;77,367365
738;18,474886;77,370562
739;18,46299;77,404268
740;18,472903;77,389898
741;18,477877;77,385308
742;18,473308;77,384693
743;18,485445;77,39697
744;18,466262;77,374468
745;18,468415;77,408117
746;18,489186;77,404632
747;18,490972;77,37587
748;18,457504;77,38175
749;18,485235;77,391626
750;18,477183;77,382447
751;18,483752;77,396163
752;18,48672;77,38956
753;18,47055;77,405843
754;18,474551;77,381778
755;18,482243;77,402813
756;18,493016;77,377978
757;18,47992;77,407473
758;18,468268;77,394468
759;18,489477;77,37621
760;18,493559;77,397916
761;18,470775;77,39164
762;18,489405;77,400323
763;18,496289;77,400708
764;18,473302;77,395274
765;18,473875;77,398405
766;18,49229;77,391579
767;18,480063;77,401197
768;18,466728;77,397433
769;18,476364;77,406201
770;18,473405;77,398755
771;18,487083;77,398513
772;18,485173;77,397876
773;18,489349;77,390824
774;18,481291;77,398181
775;18,455645;77,401142
776;18,482769;77,391347
777;18,488128;77,400207
778;18,474997;77,397928
779;18,474819;77,375164
780;18,471864;77,37269
781;18,487051;77,379136
782;18,481372;77,377168
783;18,482615;77,376909
784;18,483222;77,393247
785;18,483165;77,387314
786;18,478808;77,397623
787;18,478178;77,389275
788;18,472198;77,391015
789;18,477067;77,386627
790;18,478352;77,395034
791;18,485233;77,400094
792;18,478747;77,39074
793;18,47849;77,376209
794;18,484733;77,387156
795;18,492893;77,379805
796;18,477985;77,394369
797;18,44857;77,367884
798;18,46759;77,390809
799;18,465811;77,401864
800;18,471742;77,373576
801;18,483947;77,391814
802;18,470834;77,387012
803;18,459793;77,388641
804;18,475951;77,388244
805;18,471984;77,391964
806;18,490163;77,392801
807;18,474702;77,388566
808;18,49591;77,399295
809;18,468671;77,390937
810;18,481426;77,383829
811;18,471581;77,386771
812;18,471204;77,395322
813;18,487592;77,394941
814;18,476147;77,389087
815;18,456866;77,399858
816;18,489956;77,384933
817;18,469865;77,393123
818;18,458793;77,392123
819;18,479908;77,386622
820;18,48042;77,391769
821;18,497389;77,391684
822;18,478439;77,397507
823;18,465312;77,385416
824;18,470161;77,389974
825;18,483552;77,401216
826;18,497943;77,398815
827;18,475295;77,389112
828;18,470509;77,386261
829;18,488724;77,375841
830;18,493091;77,382631
831;18,476091;77,38933
832;18,473846;77,397591
833;18,49146;77,40746
834;18,469786;77,381385
835;18,476481;77,369486
836;18,48428;77,389715
837;18,477763;77,389386
838;18,47466;77,386791
839;18,479576;77,393053
840;18,479817;77,388412
841;18,471423;77,394593
842;18,48622;77,391613
843;18,48746;77,380922
844;18,461033;77,391615
845;18,473244;77,394364
846;18,466061;77,393913
847;18,480111;77,395406
848;18,485514;77,394112
849;18,475812;77,388666
850;18,484316;77,386248
851;18,466584;77,409721
852;18,476577;77,406668
853;18,469415;77,39306
854;18,47719;77,401376
855;18,477775;77,384962
856;18,479051;77,412677
857;18,483765;77,404065
858;18,475233;77,394335
859;18,463409;77,37797
860;18,476888;77,382468
861;18,476206;77,386549
862;18,486301;77,398119
863;18,481604;77,396333
864;18,479876;77,404238
865;18,47942;77,392118
866;18,465486;77,388697
867;18,46826;77,389034
868;18,466835;77,389756
869;18,475652;77,3899
870;18,460582;77,392994
871;18,479715;77,382477
872;18,490602;77,383216
873;18,463309;77,396115
874;18,486393;77,387626
875;18,480469;77,392187
876;18,483377;77,400404
877;18,486353;77,396636
878;18,471361;77,396337
879;18,480697;77,375222
880;18,492837;77,384734
881;18,482096;77,382931
882;18,49451;77,400242
883;18,472663;77,395305
884;18,491758;77,386758
885;18,474925;77,396637
886;18,497825;77,39038
887;18,486003;77,401964
888;18,47376;77,401804
889;18,485712;77,400139
890;18,476179;77,403059
891;18,477899;77,395511
892;18,491855;77,399874
893;18,478435;77,384646
894;18,479506;77,403174
895;18,485238;77,383875
896;18,478126;77,401404
897;18,476635;77,381847
898;18,476521;77,384674
899;18,484194;77,38647
900;18,481529;77,384448
901;18,477784;77,369176
902;18,49965;77,37759
903;18,469351;77,383688
904;18,470277;77,378804
905;18,476599;77,386097
906;18,482543;77,403205
907;18,484675;77,396521
908;18,493223;77,402351
909;18,475333;77,381338
910;18,47772;77,386534
911;18,493241;77,390378
912;18,498824;77,406059
913;18,463337;77,393823
914;18,493624;77,384053
915;18,494701;77,389183
916;18,492887;77,390563
917;18,475339;77,40323
918;18,477404;77,395456
919;18,473169;77,391789
920;18,482242;77,376979
921;18,499263;77,390864
922;18,49368;77,381549
923;18,483362;77,383281
924;18,46397;77,399376
925;18,48525;77,38024
926;18,476082;77,379808
927;18,485585;77,39261
928;18,487551;77,373274
929;18,489598;77,399201
930;18,482812;77,40897
931;18,46328;77,388945
932;18,498206;77,381733
933;18,481289;77,386231
934;18,478596;77,393371
935;18,478696;77,38126
936;18,471189;77,374966
937;18,483001;77,387509
938;18,471473;77,368551
939;18,479633;77,392909
940;18,466929;77,403159
941;18,477406;77,413252
942;18,483373;77,383989
943;18,473802;77,386785
944;18,460708;77,386183
945;18,490113;77,396549
946;18,478636;77,3707
947;18,475951;77,384548
948;18,474046;77,381768
949;18,477217;77,390619
950;18,481999;77,401098
951;18,489852;77,40241
952;18,475606;77,385102
953;18,477358;77,386906
954;18,482138;77,394471
955;18,481605;77,384779
956;18,469259;77,403112
957;18,478076;77,388569
958;18,477161;77,398768
959;18,484661;77,398042
960;18,483058;77,382403
961;18,499119;77,383941
962;18,474375;77,393639
963;18,457736;77,39544
964;18,481967;77,379198
965;18,478581;77,376759
966;18,471212;77,379983
967;18,47039;77,382663
968;18,486196;77,393913
969;18,476695;77,379138
970;18,4901;77,38319
971;18,481753;77,394669
972;18,479081;77,394293
973;18,487009;77,385462
974;18,50206;77,39654
975;18,468922;77,371751
976;18,484514;77,384434
977;18,466347;77,391356
978;18,487363;77,406204
979;18,482186;77,391931
980;18,470831;77,398442
981;18,484921;77,390053
982;18,471241;77,392423
983;18,491364;77,392227
984;18,480365;77,390332
985;18,470612;77,407796
986;18,490861;77,382738
987;18,477398;77,391268
988;18,465359;77,387784
989;18,482674;77,402578
990;18,469556;77,39562
991;18,492474;77,410816
992;18,476854;77,398387
993;18,469191;77,373502
994;18,48725;77,383594
995;18,47926;77,37775
996;18,489196;77,388113
997;18,472243;77,402432
998;18,485443;77,381906
999;18,494867;77,411074
1000;18,479266;77,391245
1001;18,476632;77,386597
1002;18,479908;77,398492
1003;18,480674;77,394155
1004;18,460181;77,394454
1005;18,493956;77,373785
1006;18,458784;77,402085
1007;18,461275;77,397022
1008;18,478006;77,39958
1009;18,484379;77,376711
1010;18,471806;77,403655
1011;18,489482;77,385118
1012;18,476906;77,388441
1013;18,459535;77,390464
1014;18,488331;77,376515
1015;18,464547;77,408377
1016;18,461428;77,398152
1017;18,480888;77,394385
1018;18,5016;77,404526
1019;18,469948;77,375161
1020;18,473617;77,394507
1021;18,457599;77,399896
1022;18,499418;77,383902
1023;18,491123;77,379652
1024;18,48372;77,384652
1025;18,477313;77,373539
1026;18,47377;77,386566
1027;18,48002;77,400816
1028;18,493916;77,397212
1029;18,467443;77,380802
1030;18,487895;77,391464
1031;18,47235;77,386888
1032;18,487604;77,396406
1033;18,470759;77,369668
1034;18,477863;77,388798
1035;18,466919;77,391853
1036;18,485922;77,385127
1037;18,469156;77,389178
1038;18,480333;77,365808
1039;18,4878;77,377218
1040;18,47595;77,406013
1041;18,484422;77,395201
1042;18,476348;77,380198
1043;18,490552;77,384415
1044;18,475434;77,386534
1045;18,465612;77,395884
1046;18,465441;77,392125
1047;18,486988;77,381667
1048;18,484159;77,41392
1049;18,460675;77,364234
1050;18,474966;77,384653
1051;18,477691;77,390395
1052;18,48735;77,389591
1053;18,463489;77,394169
1054;18,463382;77,392226
1055;18,459449;77,392097
1056;18,467232;77,366813
1057;18,4874;77,381259
1058;18,47987;77,398343
1059;18,496102;77,401946
1060;18,479402;77,406564
1061;18,479861;77,392636
1062;18,468802;77,400647
1063;18,480485;77,389324
1064;18,488513;77,373887
1065;18,469717;77,384339
1066;18,460588;77,381753
1067;18,47936;77,373352
1068;18,478207;77,384606
1069;18,459042;77,395689
1070;18,480571;77,400484
1071;18,45932;77,39375
1072;18,500549;77,397667
1073;18,484861;77,374865
1074;18,458245;77,399054
1075;18,476004;77,380092
1076;18,480934;77,388642
1077;18,490601;77,386141
1078;18,4871;77,389257
1079;18,461229;77,406146
1080;18,487296;77,386748
1081;18,460343;77,400591
1082;18,483672;77,378018
1083;18,480281;77,393773
1084;18,488666;77,385799
1085;18,483293;77,382792
1086;18,464915;77,404454
1087;18,479813;77,38843
1088;18,476724;77,396929
1089;18,478112;77,385947
1090;18,458044;77,398774
1091;18,503189;77,410593
1092;18,473227;77,400907
1093;18,475785;77,401751
1094;18,461746;77,381966
1095;18,462265;77,374367
1096;18,468638;77,379324
1097;18,482669;77,406099
1098;18,474723;77,403929
1099;18,478579;77,384909
1100;18,475819;77,386223
1101;18,49006;77,414443
1102;18,474009;77,381367
1103;18,472578;77,354677
1104;18,501222;77,384882
1105;18,4877;77,393981
1106;18,484089;77,388911
1107;18,486356;77,375787
1108;18,473188;77,384448
1109;18,474098;77,397767
1110;18,474108;77,397683
1111;18,487056;77,391383
1112;18,483556;77,392434
1113;18,451984;77,401604
1114;18,479564;77,387653
1115;18,502347;77,385992
1116;18,491236;77,387929
1117;18,499061;77,400719
1118;18,456953;77,396518
1119;18,47897;77,399918
1120;18,481834;77,398005
1121;18,48168;77,392623
1122;18,474442;77,371424
1123;18,478188;77,382939
1124;18,481425;77,395235
1125;18,471301;77,388048
1126;18,495443;77,41016
1127;18,49333;77,370112
1128;18,477286;77,376473
1129;18,484603;77,401874
1130;18,473542;77,36871
1131;18,48852;77,396389
1132;18,470884;77,383487
1133;18,469011;77,404062
1134;18,489757;77,384208
1135;18,474724;77,402441
1136;18,465625;77,380449
1137;18,471117;77,386306
1138;18,486083;77,395263
1139;18,478548;77,395856
1140;18,491527;77,394793
1141;18,476071;77,385108
1142;18,489399;77,402702
1143;18,480285;77,401406
1144;18,473777;77,386594
1145;18,474992;77,398377
1146;18,486392;77,386136
1147;18,468403;77,383144
1148;18,49427;77,385723
1149;18,466674;77,395383
1150;18,478534;77,394483
1151;18,482214;77,365209
1152;18,481623;77,402124
1153;18,471305;77,384344
1154;18,459841;77,376663
1155;18,474384;77,387738
1156;18,465594;77,389611
1157;18,467883;77,378518
1158;18,484234;77,39869
1159;18,471231;77,398561
1160;18,496403;77,394397
1161;18,46788;77,389023
1162;18,475392;77,39002
1163;18,481579;77,380582
1164;18,462837;77,384554
1165;18,481264;77,388594
1166;18,491936;77,397893
1167;18,459705;77,37899
1168;18,491101;77,402229
1169;18,471626;77,40359
1170;18,49503;77,404397
1171;18,478198;77,384313
1172;18,478254;77,374485
1173;18,481037;77,398528
1174;18,477767;77,386316
1175;18,490848;77,400748
1176;18,491716;77,390105
1177;18,491864;77,406642
1178;18,481296;77,384168
1179;18,472899;77,395038
1180;18,480606;77,391482
1181;18,481895;77,394918
1182;18,48184;77,384507
1183;18,479296;77,388292
1184;18,486413;77,386579
1185;18,470635;77,369472
1186;18,483487;77,383075
1187;18,477844;77,379829
1188;18,48766;77,363729
1189;18,490028;77,402631
1190;18,482244;77,392507
1191;18,463272;77,383241
1192;18,495909;77,382495
1193;18,470217;77,387318
1194;18,475725;77,37614
1195;18,477067;77,389331
1196;18,483661;77,393137
1197;18,474344;77,408609
1198;18,465434;77,386129
1199;18,480739;77,39022
1200;18,485942;77,409973
1201;18,474461;77,406624
1202;18,482303;77,391353
1203;18,491246;77,390716
1204;18,482487;77,376163
1205;18,479789;77,369243
1206;18,484651;77,376352
1207;18,486651;77,392928
1208;18,489124;77,383712
1209;18,463992;77,379649
1210;18,47323;77,396685
1211;18,466128;77,379911
1212;18,461994;77,397527
1213;18,480767;77,367103
1214;18,47841;77,388657
1215;18,486876;77,392492
1216;18,493907;77,400277
1217;18,490967;77,383275
1218;18,471026;77,379075
1219;18,484448;77,383405
1220;18,503111;77,387642
1221;18,483152;77,394022
1222;18,472426;77,397115
1223;18,4766;77,380553
1224;18,473779;77,399497
1225;18,49152;77,407658
1226;18,482821;77,39805
1227;18,477626;77,398985
1228;18,469068;77,390319
1229;18,47005;77,413975
1230;18,483127;77,40339
1231;18,460196;77,393194
1232;18,488743;77,385634
1233;18,477429;77,390907
1234;18,478332;77,385666
1235;18,467468;77,388485
1236;18,471513;77,393139
1237;18,48729;77,391267
1238;18,483248;77,396741
1239;18,479773;77,402713
1240;18,48205;77,391479
1241;18,482736;77,377636
1242;18,479895;77,383104
1243;18,489205;77,396928
1244;18,470483;77,389004
1245;18,488162;77,404096
1246;18,490154;77,39757
1247;18,480491;77,396245
1248;18,463196;77,387928
1249;18,472251;77,401649
1250;18,478044;77,382876
1251;18,484161;77,384982
1252;18,49111;77,391318
1253;18,468011;77,399664
1254;18,484951;77,383869
1255;18,479907;77,376364
1256;18,480295;77,397806
1257;18,462682;77,401778
1258;18,479196;77,406267
1259;18,495808;77,406113
1260;18,48138;77,39577
1261;18,463912;77,392798
1262;18,481026;77,398838
1263;18,489017;77,401686
1264;18,478772;77,394037
1265;18,479018;77,385144
1266;18,480462;77,394066
1267;18,500628;77,379494
1268;18,47781;77,382792
1269;18,47837;77,396818
1270;18,484268;77,399708
1271;18,473599;77,393457
1272;18,488983;77,381752
1273;18,485085;77,395715
1274;18,483139;77,385981
1275;18,487394;77,395469
1276;18,47095;77,410582
1277;18,463566;77,399481
1278;18,463046;77,401711
1279;18,476001;77,405277
1280;18,481941;77,378166
1281;18,464721;77,399223
1282;18,473916;77,398411
1283;18,476003;77,402343
1284;18,492002;77,400731
1285;18,486483;77,386487
1286;18,483762;77,394602
1287;18,478773;77,401487
1288;18,485289;77,388137
1289;18,490349;77,397991
1290;18,487292;77,406015
1291;18,491393;77,384926
1292;18,480078;77,382478
1293;18,493836;77,39009
1294;18,478459;77,375599
1295;18,471616;77,378225
1296;18,486566;77,40537
1297;18,480989;77,382628
1298;18,473093;77,403656
1299;18,47649;77,393767
1300;18,478165;77,384864
1301;18,483151;77,382889
1302;18,474042;77,386544
1303;18,483474;77,39637
1304;18,4983;77,380934
1305;18,487567;77,394655
1306;18,488468;77,388158
1307;18,497371;77,410538
1308;18,48597;77,399073
1309;18,477714;77,383846
1310;18,474729;77,392871
1311;18,479646;77,393312
1312;18,470728;77,388661
1313;18,494561;77,38317
1314;18,481386;77,389995
1315;18,468944;77,390326
1316;18,48936;77,391819
1317;18,484887;77,396197
1318;18,461688;77,387963
1319;18,477033;77,390509
1320;18,472135;77,374177
1321;18,491377;77,3895
1322;18,488341;77,381807
1323;18,491327;77,393594
1324;18,459434;77,400672
1325;18,48409;77,386108
1326;18,486347;77,400181
1327;18,474827;77,39266
1328;18,485324;77,38827
1329;18,489192;77,393022
1330;18,458913;77,385037
1331;18,473689;77,382065
1332;18,481928;77,406795
1333;18,469642;77,38083
1334;18,458788;77,391086
1335;18,473217;77,391058
1336;18,493493;77,385892
1337;18,464684;77,393906
1338;18,481564;77,397877
1339;18,482285;77,379986
1340;18,48338;77,379276
1341;18,47217;77,373191
1342;18,480182;77,405781
1343;18,486591;77,388717
1344;18,477382;77,38676
1345;18,468143;77,386971
1346;18,487066;77,393726
1347;18,469446;77,37323
1348;18,481257;77,38675
1349;18,466638;77,384867
1350;18,477299;77,388297
1351;18,476459;77,383638
1352;18,481955;77,377578
1353;18,508079;77,367928
1354;18,475109;77,398953
1355;18,487111;77,401772
1356;18,464115;77,387113
1357;18,48146;77,386044
1358;18,491947;77,381665
1359;18,474766;77,385012
1360;18,488377;77,388585
1361;18,481352;77,370626
1362;18,49399;77,392725
1363;18,472169;77,391324
1364;18,484637;77,385301
1365;18,474465;77,402221
1366;18,475828;77,393209
1367;18,486203;77,393446
1368;18,481646;77,396835
1369;18,475742;77,393205
1370;18,491409;77,383924
1371;18,477677;77,388046
1372;18,468611;77,389302
1373;18,466438;77,41292
1374;18,463296;77,398984
1375;18,486425;77,390001
1376;18,476413;77,378554
1377;18,468725;77,387902
1378;18,491617;77,411005
1379;18,485302;77,389622
1380;18,487868;77,397275
1381;18,473975;77,397422
1382;18,476692;77,38185
1383;18,472859;77,385196
1384;18,482607;77,390076
1385;18,473794;77,404739
1386;18,474103;77,404862
1387;18,490264;77,393625
1388;18,466175;77,382738
1389;18,476885;77,386324
1390;18,460258;77,391104
1391;18,491793;77,395154
1392;18,469351;77,387377
1393;18,480901;77,367333
1394;18,474273;77,398856
1395;18,493057;77,404022
1396;18,50737;77,412961
1397;18,494141;77,395246
1398;18,482087;77,383241
1399;18,492123;77,39594
1400;18,485333;77,397033
1401;18,474368;77,392284
1402;18,49089;77,368389
1403;18,491952;77,388635
1404;18,482977;77,404299
1405;18,464735;77,383311
1406;18,476644;77,383861
1407;18,455779;77,386414
1408;18,479002;77,392226
1409;18,467623;77,380382
1410;18,471066;77,393686
1411;18,481948;77,403803
1412;18,474166;77,38276
1413;18,473389;77,407289
1414;18,491047;77,379861
1415;18,483086;77,374065
1416;18,473726;77,391017
1417;18,495351;77,399553
1418;18,477992;77,391474
1419;18,476519;77,402686
1420;18,463614;77,395664
1421;18,479089;77,384959
1422;18,4821;77,384663
1423;18,48577;77,379443
1424;18,479411;77,396372
1425;18,478582;77,397035
1426;18,498139;77,379254
1427;18,481797;77,375301
1428;18,479493;77,38516
1429;18,497876;77,397181
1430;18,495646;77,385173
1431;18,467831;77,379044
1432;18,480617;77,388826
1433;18,47841;77,388573
1434;18,46826;77,375739
1435;18,486173;77,401943
1436;18,494419;77,367984
1437;18,479135;77,394221
1438;18,4937;77,383428
1439;18,470366;77,390817
1440;18,468876;77,379495
1441;18,501544;77,400875
1442;18,472376;77,372742
1443;18,473999;77,379786
1444;18,456675;77,402676
1445;18,500826;77,385607
1446;18,459771;77,391732
1447;18,47819;77,380537
1448;18,463469;77,392689
1449;18,470453;77,382881
1450;18,484933;77,400408
1451;18,491104;77,382646
1452;18,487683;77,395135
1453;18,482717;77,388777
1454;18,484644;77,391541
1455;18,479733;77,398
1456;18,491411;77,373256
1457;18,477437;77,400772
1458;18,482763;77,403985
1459;18,474303;77,394246
1460;18,468416;77,395088
1461;18,490743;77,396389
1462;18,491978;77,385886
1463;18,476982;77,380635
1464;18,481637;77,403322
1465;18,472554;77,394728
1466;18,47821;77,393947
1467;18,477908;77,410518
1468;18,480795;77,401746
1469;18,48248;77,380195
1470;18,492206;77,366611
1471;18,498869;77,37864
1472;18,491239;77,375928
1473;18,484961;77,39143
1474;18,484105;77,390441
1475;18,50018;77,380849
1476;18,481301;77,401374
1477;18,480675;77,409323
1478;18,477034;77,391593
1479;18,496523;77,404479
1480;18,469674;77,384689
1481;18,480272;77,382142
1482;18,472678;77,398485
1483;18,474897;77,396434
1484;18,495894;77,394446
1485;18,483425;77,367208
1486;18,472303;77,40315
1487;18,49165;77,392011
1488;18,456348;77,399727
1489;18,471365;77,398544
1490;18,467521;77,397875
1491;18,473515;77,368681
1492;18,488803;77,402792
1493;18,493207;77,392156
1494;18,474977;77,384056
1495;18,464909;77,377088
1496;18,475719;77,380893
1497;18,48082;77,401633
1498;18,473213;77,382732
1499;18,491746;77,397938
1500;18,487854;77,381305
1501;18,48149;77,381347
1502;18,478318;77,386613
1503;18,481185;77,378599
1504;18,474276;77,378545
1505;18,487887;77,38434
1506;18,478334;77,386824
1507;18,484245;77,388509
1508;18,471052;77,386462
1509;18,487988;77,385725
1510;18,474511;77,404125
1511;18,470524;77,387559
1512;18,472676;77,38197
1513;18,496308;77,375147
1514;18,48341;77,393032
1515;18,459092;77,405226
1516;18,475436;77,386996
1517;18,482668;77,403466
1518;18,469762;77,397247
1519;18,470899;77,387195
1520;18,48489;77,392665
1521;18,470119;77,379471
1522;18,478364;77,395236
1523;18,496684;77,385396
1524;18,485833;77,406634
1525;18,482301;77,376231
1526;18,478462;77,376929
1527;18,481705;77,379797
1528;18,471753;77,392377
1529;18,481132;77,386728
1530;18,481395;77,384481
1531;18,486267;77,388377
1532;18,469123;77,389105
1533;18,481009;77,392754
1534;18,474221;77,385463
1535;18,483647;77,394137
1536;18,474841;77,391778
1537;18,485628;77,390354
1538;18,479851;77,407453
1539;18,464179;77,382334
1540;18,489531;77,37934
1541;18,478028;77,380089
1542;18,482823;77,374076
1543;18,486406;77,398281
1544;18,480085;77,395873
1545;18,487869;77,395432
1546;18,498455;77,388774
1547;18,470545;77,375042
1548;18,483117;77,382242
1549;18,464623;77,376652
1550;18,479892;77,383574
1551;18,473203;77,411079
1552;18,497093;77,394725
1553;18,48356;77,389092
1554;18,463414;77,402571
1555;18,477773;77,395177
1556;18,500263;77,381757
1557;18,483861;77,385862
1558;18,480126;77,38331
1559;18,482278;77,396157
1560;18,472525;77,370636
1561;18,487009;77,37883
1562;18,483775;77,399449
1563;18,484864;77,395538
1564;18,488783;77,385675
1565;18,485167;77,381539
1566;18,468763;77,408899
1567;18,471314;77,404147
1568;18,467208;77,407463
1569;18,475121;77,389313
1570;18,492998;77,404005
1571;18,465573;77,39361
1572;18,482061;77,375934
1573;18,478046;77,374954
1574;18,477596;77,384655
1575;18,470246;77,395242
1576;18,48319;77,386885
1577;18,48115;77,38478
1578;18,487987;77,402398
1579;18,490877;77,389974
1580;18,472303;77,386841
1581;18,477895;77,388246
1582;18,470627;77,388777
1583;18,471646;77,401767
1584;18,480568;77,383337
1585;18,488761;77,397381
1586;18,486845;77,405449
1587;18,483747;77,397481
1588;18,469199;77,396994
1589;18,47652;77,397301
1590;18,494776;77,388554
1591;18,483147;77,385619
1592;18,485796;77,389438
1593;18,466702;77,380416
1594;18,462656;77,397819
1595;18,472743;77,379701
1596;18,486639;77,389992
1597;18,482986;77,388619
1598;18,47402;77,396167
1599;18,48232;77,394498
1600;18,491552;77,395129
1601;18,486998;77,392039
1602;18,491825;77,393814
1603;18,478358;77,399445
1604;18,494209;77,386962
1605;18,470958;77,384684
1606;18,482517;77,384896
1607;18,473927;77,391897
1608;18,483276;77,381072
1609;18,48507;77,390489
1610;18,487638;77,396771
1611;18,476048;77,400053
1612;18,479177;77,378696
1613;18,493867;77,387248
1614;18,466779;77,382322
1615;18,468434;77,385243
1616;18,474376;77,380416
1617;18,491294;77,380453
1618;18,465636;77,395303
1619;18,48225;77,386005
1620;18,504071;77,39207
1621;18,493245;77,394803
1622;18,491163;77,382457
1623;18,477401;77,39714
1624;18,494627;77,395436
1625;18,476978;77,389378
1626;18,466268;77,398129
1627;18,472944;77,399705
1628;18,486016;77,372705
1629;18,472792;77,396315
1630;18,469039;77,391666
1631;18,448566;77,384507
1632;18,456902;77,386343
1633;18,473212;77,370949
1634;18,484532;77,394716
1635;18,501426;77,371672
1636;18,486103;77,404655
1637;18,486995;77,385689
1638;18,48387;77,398622
1639;18,474812;77,392954
1640;18,47454;77,387879
1641;18,471879;77,389341
1642;18,497757;77,398841
1643;18,484365;77,398539
1644;18,469531;77,402719
1645;18,478378;77,37552
1646;18,484289;77,377121
1647;18,468735;77,376795
1648;18,489698;77,369991
1649;18,468709;77,394489
1650;18,474406;77,380291
1651;18,478954;77,397081
1652;18,469176;77,390848
1653;18,469184;77,377804
1654;18,491885;77,388256
1655;18,487409;77,369719
1656;18,472721;77,408697
1657;18,46775;77,391075
1658;18,490863;77,38686
1659;18,489705;77,384912
1660;18,481033;77,372988
1661;18,486844;77,387326
1662;18,488169;77,389709
1663;18,488934;77,397244
1664;18,480035;77,375297
1665;18,47106;77,391002
1666;18,464951;77,379924
1667;18,47025;77,395265
1668;18,469666;77,390379
1669;18,474014;77,384143
1670;18,490066;77,391941
1671;18,502205;77,402029
1672;18,477274;77,370772
1673;18,480393;77,39725
1674;18,476156;77,399231
1675;18,483946;77,418139
1676;18,48368;77,401878
1677;18,460952;77,409589
1678;18,477541;77,369443
1679;18,484505;77,397296
1680;18,492002;77,375192
1681;18,48758;77,391672
1682;18,473217;77,384574
1683;18,499843;77,39366
1684;18,492064;77,397629
1685;18,478703;77,392727
1686;18,480302;77,385497
1687;18,469443;77,3978
1688;18,488266;77,37825
1689;18,488329;77,403192
1690;18,486584;77,371968
1691;18,476491;77,397208
1692;18,467048;77,392023
1693;18,476242;77,40061
1694;18,454564;77,386499
1695;18,484341;77,389321
1696;18,495493;77,389651
1697;18,467427;77,388454
1698;18,488562;77,391512
1699;18,488698;77,372184
1700;18,467091;77,378782
1701;18,474206;77,37758
1702;18,46974;77,395072
1703;18,456233;77,403137
1704;18,492901;77,376305
1705;18,481709;77,380575
1706;18,492942;77,388385
1707;18,48937;77,39048
1708;18,477705;77,398876
1709;18,469731;77,402943
1710;18,494189;77,392818
1711;18,482347;77,39514
1712;18,481975;77,401019
1713;18,497083;77,38994
1714;18,474551;77,389634
1715;18,472515;77,396541
1716;18,475681;77,394292
1717;18,474451;77,405211
1718;18,478983;77,403538
1719;18,476159;77,386958
1720;18,479831;77,385604
1721;18,484044;77,382141
1722;18,482839;77,39336
1723;18,477866;77,408733
1724;18,48105;77,395505
1725;18,48279;77,392504
1726;18,490207;77,384231
1727;18,460037;77,383464
1728;18,480976;77,400693
1729;18,46869;77,388424
1730;18,481916;77,388791
1731;18,479498;77,398418
1732;18,467041;77,379606
1733;18,481137;77,392246
1734;18,494186;77,382322
1735;18,488966;77,382615
1736;18,48164;77,393976
1737;18,480731;77,399934
1738;18,469382;77,391389
1739;18,491071;77,379991
1740;18,489343;77,383799
1741;18,483417;77,399416
1742;18,486058;77,399612
1743;18,485604;77,371191
1744;18,498838;77,391339
1745;18,473341;77,380344
1746;18,483925;77,36901
1747;18,483796;77,394509
1748;18,476579;77,38367
1749;18,496829;77,381718
1750;18,474639;77,387997
1751;18,480003;77,391446
1752;18,478452;77,383162
1753;18,479101;77,377076
1754;18,47773;77,407353
1755;18,477072;77,394593
1756;18,476255;77,385918
1757;18,482637;77,397133
1758;18,492461;77,377775
1759;18,474531;77,389897
1760;18,484736;77,40658
1761;18,480238;77,393863
1762;18,486851;77,384093
1763;18,48763;77,403121
1764;18,490533;77,387925
1765;18,489145;77,384491
1766;18,490761;77,379855
1767;18,482349;77,389337
1768;18,489987;77,379532
1769;18,453846;77,386455
1770;18,468336;77,383604
1771;18,475218;77,392905
1772;18,488217;77,373843
1773;18,488474;77,397012
1774;18,47474;77,392381
1775;18,484085;77,386413
1776;18,466253;77,379795
1777;18,485708;77,376578
1778;18,469936;77,39528
1779;18,470728;77,390307
1780;18,466352;77,421805
1781;18,495438;77,379254
1782;18,467251;77,388072
1783;18,461607;77,396847
1784;18,481312;77,397266
1785;18,473558;77,395501
1786;18,477081;77,3809
1787;18,472476;77,389731
1788;18,478616;77,387207
1789;18,477562;77,392403
1790;18,49611;77,396332
1791;18,471368;77,382499
1792;18,472334;77,385595
1793;18,483719;77,397443
1794;18,478498;77,381255
1795;18,480846;77,376621
1796;18,491347;77,396568
1797;18,487224;77,385707
1798;18,470671;77,397313
1799;18,488083;77,375469
1800;18,472962;77,392243
1801;18,483663;77,384264
1802;18,471745;77,39174
1803;18,472473;77,394614
1804;18,474644;77,382944
1805;18,475637;77,394713
1806;18,47771;77,386826
1807;18,495296;77,384611
1808;18,476445;77,394506
1809;18,493186;77,39238
1810;18,472616;77,395427
1811;18,475665;77,37964
1812;18,485967;77,40988
1813;18,466186;77,390119
1814;18,487765;77,400745
1815;18,477327;77,389098
1816;18,491796;77,401321
1817;18,493951;77,387592
1818;18,475933;77,391534
1819;18,485566;77,396951
1820;18,474085;77,387523
1821;18,483802;77,379873
1822;18,4753;77,388319
1823;18,480117;77,388664
1824;18,484954;77,384268
1825;18,487262;77,401718
1826;18,471334;77,391551
1827;18,486148;77,392289
1828;18,492025;77,404447
1829;18,473573;77,390511
1830;18,496207;77,395044
1831;18,482406;77,385855
1832;18,477453;77,384339
1833;18,479367;77,374049
1834;18,483989;77,388867
1835;18,47593;77,37079
1836;18,480069;77,392269
1837;18,489248;77,391563
1838;18,485822;77,39026
1839;18,459663;77,387065
1840;18,463114;77,38761
1841;18,481952;77,399204
1842;18,482544;77,401685
1843;18,481636;77,375819
1844;18,483523;77,381256
1845;18,452709;77,385303
1846;18,468214;77,388431
1847;18,484206;77,38203
1848;18,490254;77,391544
1849;18,491512;77,402045
1850;18,478088;77,395597
1851;18,475855;77,38348
1852;18,467753;77,402415
1853;18,478455;77,394178
1854;18,494568;77,405497
1855;18,494289;77,405684
1856;18,46933;77,382134
1857;18,474228;77,389901
1858;18,470415;77,37792
1859;18,458253;77,382767
1860;18,461696;77,376909
1861;18,478555;77,381106
1862;18,45465;77,372422
1863;18,489341;77,378082
1864;18,484619;77,391261
1865;18,482158;77,39179
1866;18,474395;77,384191
1867;18,474127;77,389182
1868;18,485506;77,401918
1869;18,485636;77,392931
1870;18,482176;77,392484
1871;18,47228;77,359577
1872;18,508507;77,381117
1873;18,481665;77,406288
1874;18,489278;77,384154
1875;18,496435;77,392142
1876;18,491967;77,392714
1877;18,478036;77,386996
1878;18,47681;77,397445
1879;18,483778;77,390186
1880;18,483469;77,387297
1881;18,480576;77,391469
1882;18,47636;77,375644
1883;18,490063;77,389341
1884;18,467611;77,37352
1885;18,502287;77,386603
1886;18,473262;77,394704
1887;18,485433;77,408892
1888;18,471271;77,386666
1889;18,47829;77,375611
1890;18,48428;77,375122
1891;18,478686;77,387684
1892;18,471391;77,390588
1893;18,492333;77,385957
1894;18,470516;77,396119
1895;18,478233;77,389957
1896;18,476739;77,381161
1897;18,500481;77,406987
1898;18,485012;77,385767
1899;18,459934;77,38384
1900;18,494154;77,386517
1901;18,468515;77,406991
1902;18,478315;77,394376
1903;18,461019;77,379923
1904;18,478565;77,374079
1905;18,485362;77,377698
1906;18,470029;77,395724
1907;18,477221;77,372284
1908;18,475459;77,389417
1909;18,494515;77,397847
1910;18,475316;77,378623
1911;18,467215;77,383476
1912;18,47276;77,40755
1913;18,478188;77,372625
1914;18,46659;77,398155
1915;18,484766;77,392741
1916;18,477685;77,369535
1917;18,483274;77,392924
1918;18,48768;77,38673
1919;18,478705;77,380662
1920;18,489456;77,381474
1921;18,484139;77,402164
1922;18,47961;77,387215
1923;18,487092;77,392444
1924;18,472448;77,385051
1925;18,476535;77,385631
1926;18,472214;77,378412
1927;18,486799;77,385999
1928;18,485755;77,381021
1929;18,48213;77,393812
1930;18,474708;77,379151
1931;18,483786;77,385712
1932;18,50496;77,404063
1933;18,491332;77,395342
1934;18,470337;77,41444
1935;18,481357;77,381977
1936;18,495163;77,37899
1937;18,467303;77,380875
1938;18,494028;77,387854
1939;18,490095;77,374854
1940;18,483424;77,400086
1941;18,475831;77,397579
1942;18,494872;77,381486
1943;18,504611;77,394736
1944;18,48141;77,382586
1945;18,476897;77,394459
1946;18,481593;77,400731
1947;18,469793;77,403208
1948;18,497155;77,377179
1949;18,478219;77,392384
1950;18,488018;77,395085
1951;18,488071;77,387153
1952;18,483155;77,399743
1953;18,462114;77,37672
1954;18,466292;77,392239
1955;18,481316;77,389911
1956;18,475181;77,387985
1957;18,478071;77,380697
1958;18,494496;77,389031
1959;18,476526;77,386045
1960;18,463097;77,36866
1961;18,483946;77,379549
1962;18,484873;77,391468
1963;18,483057;77,397556
1964;18,477336;77,390258
1965;18,487141;77,384647
1966;18,473127;77,389766
1967;18,494902;77,388409
1968;18,465581;77,389895
1969;18,475808;77,39123
1970;18,493884;77,39885
1971;18,472314;77,376186
1972;18,469579;77,383325
1973;18,456697;77,385973
1974;18,486872;77,390688
1975;18,479871;77,3687
1976;18,489973;77,381348
1977;18,467016;77,387563
1978;18,478234;77,37849
1979;18,485586;77,379377
1980;18,473405;77,386462
1981;18,495428;77,369634
1982;18,47002;77,372779
1983;18,484894;77,389075
1984;18,482663;77,387826
1985;18,481302;77,375342
1986;18,485549;77,395028
1987;18,476054;77,372078
1988;18,481901;77,412396
1989;18,486781;77,39111
1990;18,469734;77,381716
1991;18,479954;77,397251
1992;18,488132;77,40979
1993;18,471595;77,396643
1994;18,493242;77,387521
1995;18,473369;77,389234
1996;18,484897;77,375482
1997;18,489076;77,390417
1998;18,465941;77,410287
1999;18,491924;77,397168
2000;18,48541;77,373885
